,uri,room_count,floor,max_floor,street,house_number,general_area,intersection,microdistrict,building_type,kitchen_area,living_area,condition,build_year,residential_complex,city,district,telephone,internet,balcony,is_balcony_glazed,door,bathroom,parking,furniture,floor_type,former_hostel,ceiling_height,bars_on_the_window,security,entry_phone,code_lock,alarm,video_security,video_entry_phone,concierge,exchange_possible,plastic_windows,non_angular,improved,rooms_isolated,studio_kitchen,kitchen_builtin,new_plumbing,pantry,counters,quiet_courtyard,air_conditioning,commercial_convenient,price,mortgaged,images_count,private_hostel,text,Latitude,Longitude
0,https://krisha.kz//a/show/679325485,2,3.0,4.0,Саина,,45.0,Кабдолова,,панельный,,,хорошее,1973,,Алматы,Ауэзовский,есть возможность подключения,ADSL,балкон,False,металлическая,раздельный,рядом охраняемая стоянка,,ламинат,False,,False,False,True,False,False,False,False,False,False,True,True,False,False,False,False,True,False,False,True,False,False,29500000,False,19,False,"Пластиковые окна, тихий двор, неугловая, новая сантехника.
Продам 2-х комнатную квартиру с новым капитальным евроремонтом. Чистый и тихий двор, удобное расположение, рядом школы, детсады, торговые дома, поликлиники, мед. центры. 
Преимущества: 
⭐Во внутреннем дворе размещены детские и спортивные площадки. 
⭐ Перепланировки не было. 
⭐️ Можно в ипотеку. 
⭐ Транспортная доступность, можно быстро выехать на любой адрес. 
⭐ Бесплатная дворовая парковка. 
⭐ Доброжелательные соседи. 
⭐ Тихий и уютный двор. 
⭐Развитая инфраструктура: ТЦ Армада, Гранд парк.",NA,NA
1,https://krisha.kz//a/show/677384060,3,2.0,3.0,,,71.7,,Нурлытау,кирпичный,,,черновая отделка,2022,Jardin,Алматы,Бостандыкский,,,,False,,,паркинг,,,False,3.2,False,True,False,False,False,True,True,False,False,True,True,True,True,True,True,True,True,True,True,True,True,47490000,False,0,False,"КЛУБНЫЙ ДОМ бизнес КЛАССА В ПРЕДГОРЬЕ АЛМАТЫ! 
Преимущества: 
✅ Подземный паркинг; 
✅ Детская и футбольная площадки; 
✅ Зоны для барбекю; 
✅ Собственные террасы; 
✅ Панорамные окна. 
 
квартира проходит по 7-20-25 и все любые виды ипотеки 
 
По переуступке прав 
 
Срок сдачи квартиры в конце октября 2022 года 
 
7-10 минут до проспекта Аль-фараби 
7 минут до Парка Первого Президента 
10 минут до Есентай Mall 
7 минут до казахфильма 
 
Рядом находится детский садик Tamosik 
А также школа Tamos Education 
 
квартира с красивым видом на горы смотрит на юг и запад города, солнечная сторона что немало важно. 
 
квартира 71.7 квадрадных метров чистых без терассы 
 
квартира в черновой отделке свободной планировке, в эту сумму входит планировка и 3D визуализация дизайн проекта. 
 
В каждой квартире установлен обогрев пола. Температура равномерно распределяется. Террасы с ограждением из толстого стекла. Также террасы расположены на крышах домов для жильцов Жилой комплекс Jardin находится на юге Алматы в спокойном районе с видом на горы. Собственная территория огорожена и благоустроена.",43.13757885,76.92712352226363
2,https://krisha.kz//a/show/679469259,3,1.0,3.0,,,82.4,,Ремизовка 1,монолитный,,,хорошее,2006,Хуторок,Алматы,Бостандыкский,отдельный,оптика,,False,,2 с/у и более,паркинг,,,False,3.3,False,True,False,False,False,True,False,False,False,True,True,True,True,True,True,True,True,True,True,True,True,66000000,False,12,False,"СРОЧНО! продается 3-комнатная квартира в небольшом Таунхаусе с отдельным входом и участком мини-садом для отдыха, что удачно объединяет все преимущества квартиры и частного дома. 
 
Квартира располагается в экологически чистом живописном месте Ремизовского ущелья в Бостандыкском районе Алматы, в километре от проспекта Аль-Фараби. 
 
Ухоженная, тёплая, светлая, просторная квартира с высокими потолками 3, 3-3, 6 метров отличный вариант для комфортного проживания, а также для сдачи в аренду или под офис. 
 
Полная гидро-, тепло- и шумоизоляция. Тихая, огороженная, охраняемая территория с видеонаблюдением и свободной парковкой. Газовое отопление индивидуальное на дом. Во дворе имеются плодово-ягодные насаждения, ели, розы. Соседи - интеллигентные люди. Рядом фитне-центр, школы, детские сады, Есентай мол и набережная, Ботанический сад. 
 
Продаётся срочно, без посредников, все документы в порядке, узаконенная планировка, можно под ипотеку, ЕНПФ. 
 
Просмотр квартиры в удобное для вас время.",43.13757885,76.92712352226363
3,https://krisha.kz//a/show/679431346,2,2.0,9.0,Сарыарка,1/2к3,56.0,,Кайрат,монолитный,9.3,35.0,хорошее,2021,Parasat,Алматы,Турксибский,,,,False,металлическая,раздельный,паркинг,без мебели,ламинат,False,2.7,False,True,True,True,False,True,True,False,False,True,True,True,True,True,True,True,True,True,True,True,True,30500000,False,16,False,"ВНИМАНИЕ! ЛУЧШЕЕ предложение! 
Продам двухкомнатную квартиру в современном ЖК Parasat! Все комнаты изолированы, кухня тоже отдельно. Квартира светлая. Средний этаж. Панорамные окна, на полу ламинат. БЕЗ мебели. Рядом с ЖК есть собственный детсад, будет школа. расположение ЖК очень удобное, рядом с ВОАД, что позволяет легко и быстро добираться в любую точку города! С полностью развитой инфраструктурой, недалеко от района строится Апорт Mall 2, есть Magnum и т.д. Рядом с ЖК строится свой торговый центр. 
звоните!",NA,NA
4,https://krisha.kz//a/show/679205940,4,6.0,6.0,Рахмадиева,2/1,191.0,,,монолитный,27.2,,,2012,Наурыз,Алматы,Бостандыкский,,проводной,,False,металлическая,2 с/у и более,паркинг,,паркет,False,3.3,False,False,False,False,False,False,False,False,False,True,True,True,True,True,True,True,True,True,True,True,True,185000000,False,15,False,,43.195837499999996,76.90812928194376
5,https://krisha.kz//a/show/677679066,3,17.0,17.0,Розыбакиева,,75.0,Утепова,,монолитный,,,свободная планировка,2022,Heaven,Алматы,Бостандыкский,отдельный,ADSL,несколько балконов или лоджий,False,металлическая,,паркинг,без мебели,,False,3.0,False,False,False,False,False,True,True,False,False,True,False,False,False,False,False,False,False,False,False,False,False,52800000,False,37,False,"Пластиковые окна.
Квартира с одним из лучших видов в городе, в одном из самых востребованных районов города! 
Витражные окна, потолки 3 метра, 2 балкона. Окна в 3 стороны! (горы, закат, город). Соседей сверху нет)) Кирпичная стена с соседями. 
Развитая инфраструктура, тихий двор, удобная транспортная развязка! В шаговой доступности находятся торговые центры, школы, детсады, парки отдыха. 
Дом сдан в эксплуатацию. документы на руках. 
так же есть много вариантов проектировки квартиры, от 2 до 4 комнатной квартиры.",NA,NA
6,https://krisha.kz//a/show/51972146,4,3.0,19.0,Шевченко,,156.0,Муканова,,монолитный,20.0,100.0,,2008,Жастар Mag,Алматы,Алмалинский,нет,ADSL,балкон и лоджия,True,металлическая,2 с/у и более,рядом охраняемая стоянка,частично,ламинат,False,3.0,False,True,True,False,False,False,False,False,False,True,True,True,True,False,True,True,False,True,True,True,False,167000000,False,9,False,"Пластиковые окна, тихий двор, кондиционер, неугловая, улучшенная, комнаты изолированы, встроенная кухня, новая сантехника, счётчики.
Отличная квартира в центре города, развитая инфраструктура, большой двор, рядом метро",NA,NA
7,https://krisha.kz//a/show/673310356,4,,,Назарбаева,,91.0,Маметовой,,кирпичный,8.5,,хорошее,1977,,Алматы,Алмалинский,,оптика,несколько балконов или лоджий,False,бронированная,2 с/у и более,,,,False,2.8,False,False,True,True,False,True,False,False,False,True,True,True,True,True,True,True,True,True,True,True,True,97000000,False,7,False,"Продам хорошим людям самую лучшую квартиру. Квартиру с большой историей, в которой проживал замечательный человек-советский и казахстанский учёный, доктор географических наук, профессор. Квартира полностью мебелерованная, с техникой класса люкс, свежий кап. ремонт с дизайнером интерьера 2021 г. и авторским графити г 2 с/у. Стены кирпич, очень тёплая, уютная, светлая с шикарным панорамным видом на все стороны, а главное с великолепным видом на горы. В доме все жильцы постоянные, очень добрые и приветливые. Во дворе охраняемая стоянка. Дом был экспериментальным, поэтому обладает высокой сейсмостойкостью 9 баллов. Изначально его строили для учёных, профессоров, для государственных деятелей. Во дворе есть стоянка. Имеется лифт, мусоропровод. Домофон+кодовый замок+камера наблюдения. Старый центр. Всё в шаговой доступности, лучшие школы, дет. сады, Цум, Арбат, ТЮЗ, Мега, множество скверов и парков. Бывший парк имени ""Горького"" в 20 мин. ходьбы. Все продуктовые магазины, аптека в шаговой доступности.",43.2561045,76.94701379627614
8,https://krisha.kz//a/show/672735095,2,7.0,7.0,,,64.0,,№8,монолитный,,,хорошее,2019,Moskva,Алматы,Ауэзовский,,,балкон,False,,совмещенный,,,ламинат,False,2.8,False,False,False,False,False,False,False,False,False,True,True,True,True,True,True,True,True,True,True,True,True,54900000,False,4,False,"Продам 2х комн квартиру в Ж. К “Москва” В отличном районе. Дом расположен вдоль Абая. Метро “Москва “рядом. Полностью с мебелью. Евроремонт. рядом есть все необходимое: Торговый центр “Москва “рядом. остоновка, банк, аптека и минимаркет. 
Красивый вид с балкона на Горы. Продаю связи с расширением. 
 
Срочно продаётся. Цена договорная.",43.224723350000005,76.85135670765314
9,https://krisha.kz//a/show/678623045,3,13.0,21.0,Аль,,130.1,,,монолитный,14.0,,хорошее,2014,AFD PLAZA,Алматы,Бостандыкский,,проводной,,True,металлическая,2 с/у и более,паркинг,полностью,,False,3.0,False,False,False,False,False,False,False,False,False,True,True,True,True,True,True,True,True,True,True,True,True,123000000,False,0,False,,43.1762766,76.8734051
10,https://krisha.kz//a/show/678988328,2,5.0,5.0,,,43.0,Абая,№6,панельный,6.0,,хорошее,1971,,Алматы,Ауэзовский,нет,ADSL,балкон,True,металлическая,совмещенный,рядом охраняемая стоянка,,ламинат,False,2.5,False,False,False,False,False,False,False,False,False,True,True,True,True,True,True,True,True,True,True,True,True,33000000,False,17,False,"Преимущества: 
Состояние квартиры - заезжай и живи, чисто, аккуратно и уютно, с техникой, полностью меблирована, все остаются. Улучшенная планировка, не угловая, комнаты изолированы, просторные, светлые, пол ламинат, шумоизолирующие трехслойные немецкие пластиковые окна. Окна выходят на запад, из окон удивительный панорамный вид гор и города. Утепленные стены с наружи. Уютный зеленый, тихий двор с удобными деревянными скамейками. Детская площадка с каруселями и горками, спортивная площадка. Главное очень хорошие, отзывчивые соседи. 
Инфраструктура: 
Благодаря отличной транспортной доступности отсюда легко и быстро добраться в любую точку города, станция метро Сары-арка. Выезд на ул. Саина, пр. Абая, объездные дорогие. Развитая инфраструктура района дает возможность для Вашего комфортного проживания. В шаговой доступности находятся: школа, детский сад, поликлиника, ТРЦ Москва, ТК ARMADA, ТРК GRAND PARK, ТРЦ Asia Park, университет Нархоз, супермаркет Магнум, Small так же рядом имеются FAMILY PARK, аллея, продуктовые магазины, аптеки. 
Благодарю, за просмотр объявление, удачного Вам поиска.",43.2321033,76.8695401
11,https://krisha.kz//a/show/678009400,3,5.0,5.0,,,68.0,,Мамыр-2,панельный,10.0,,хорошее,1992,,Алматы,Ауэзовский,,,несколько балконов или лоджий,True,металлическая,раздельный,,,линолеум,False,2.7,False,False,True,False,False,False,False,False,False,True,False,True,True,False,True,False,True,True,True,False,False,39999000,False,14,False,"Пластиковые окна, улучшенная, комнаты изолированы, кладовка, тихий двор, встроенная кухня, счётчики.
Хороший, спокойный район. Хорошие соседи. Рядом 173 и 202 школы гимназии. Имеется детский сад. Новая игровая детская площадка. В доме заменена крыша. Два утепленных балкона. Вся мебель и техника остается. торг СИМВОЛИЧЕСКИЙ 
УБЕДИТЕЛЬНО ПРОШУ РИЭЛТОРЫ НЕ БЕСПОКОИТЬ.",43.224723350000005,76.85135670765314
12,https://krisha.kz//a/show/679335351,1,2.0,3.0,,,38.2,ЖД Жануя,Алгабас 54,монолитный,10.0,,хорошее,2022,,Алматы,Алатауский,,,балкон,False,металлическая,совмещенный,,,линолеум,False,,False,False,False,False,False,False,False,False,False,True,True,True,True,True,True,True,True,True,True,True,True,16900000,False,12,False,Срочно! Новый дом. Огорожен. Детская площадка. Очень тихий и спокойный район.,NA,NA
13,https://krisha.kz//a/show/679277831,2,3.0,3.0,,,70.0,,Ерменсай 30,монолитный,,,свободная планировка,2022,Eco Park,Алматы,Бостандыкский,,,балкон,True,бронированная,2 с/у и более,паркинг,,,False,3.4,False,True,False,False,False,True,True,False,False,False,True,False,True,False,False,False,False,False,True,False,False,58800000,False,11,False,"Неугловая, комнаты изолированы, тихий двор.
Дешевле чем у застройщика, 2х комнатная квартира с шикарной панорамой на горы, можно переделать в 3х комнатную. 
 
Самая лучшая планировка, такой уже нет от застройщика. Окна в пол, высота потолка 3.4 метра. 
 
В строительстве использовались высококачественные материалы (есть множество фотографий всех этапов стройки). 
Энергосберегающие окна, вентилируемый фасад с отделкой из немецкого клинкера, входная дверь 2.5 метра высотой из шпона и умным замком. 
 
Эксплуатируемая кровля с зонами барбекю, площадкой для фитнеса и лаунж зонами. Есть возможность приобрести свою частную закрытую терассу отдельно. 
 
Можно отдельно приобрести паркинг за 5 млн. Паркинг сухой! (было проверено множеством дождей и осадков в предгорной местности), качество гидроизоляции и всех этапов строительства на высоте. 
 
Завершение стройки, передача ключей уже в декабре 2022. 
Продажа по договору переуступки, общая стоимость квартиры без паркинга 58 800 000, из которых вы платите мне 35 000 000, а остаток 23 800 000 застройщику на момент ввода в эксплуатацию (можно эту сумму оформить в ипотеку). Возможен незначительный торг. В подарок рабочий проект необходимый для ремонта, со всеми необходимыми чертежами и развёртками.",43.13757885,76.92712352226363
14,https://krisha.kz//a/show/679620435,3,6.0,9.0,Асыл Арман,10,67.0,,,монолитный,9.8,,хорошее,2015,,,,есть возможность подключения,проводной,балкон,False,металлическая,совмещенный,паркинг,,,False,2.7,False,True,True,False,False,True,False,False,False,False,False,True,False,False,False,False,False,False,True,True,False,35000000,False,8,False,"Кондиционер, улучшенная, тихий двор.
Жк Асыл Арман, продам хорошую квартиру, можно через ипотеку. В шаговой доступности от города. Рядом Магнум, Базар Алтын-Орда, ТЦ Апорт есть все что необходимо для комфортной жизни.",NA,NA
15,https://krisha.kz//a/show/679620423,3,1.0,5.0,Орбита,,60.0,,Орбита-1,,,,,1972,,Алматы,Бостандыкский,,,,False,,,,,,False,,False,False,False,False,False,False,False,False,False,True,True,True,True,True,True,True,True,True,True,True,True,40000000,False,3,False,Бурыштык емес.,43.198595,76.8810443
16,https://krisha.kz//a/show/679484829,2,5.0,6.0,Серикова,33,52.6,,Кулагер,кирпичный,7.4,29.7,хорошее,1988,,Алматы,Жетысуский,отдельный,проводной,несколько балконов или лоджий,True,металлическая,раздельный,рядом охраняемая стоянка,полностью,линолеум,False,2.8,False,False,True,False,False,False,False,False,False,True,True,True,True,False,True,False,False,True,True,True,False,33000000,False,22,False,"Пластиковые окна, неугловая, улучшенная, комнаты изолированы, встроенная кухня, счётчики, тихий двор, кондиционер.
Добрый день! 
 
Продаётся теплая, полностью обставленная и готовая для жилья двухкомнатная квартира в кирпичном доме. Мебель остается вся. Техника - кондиционер, два телевизора, холодильник, стиральная машина - остается вся. От Кулагера до центра города не более 20-ти минут езды. В пешей доступности находятся Магнум Экспресс, Школы, детские сады, аптеки, салоны красоты, магазины у дома, ипподром, паРК Гульдер, ЦОН Жетысуского района, автомеханический колледж, кафе Место встречи, банкетный зал Дубай, поликлиника. 
Тихий спальный район. 
 
Осуществление сделки возможно после 11.11.2022. Посмотреть квартиру можно ежедневно в вечернее время по предварительному согласованию. Торг уместен. С продажей не тороплюсь, обмен не рассматриваю. 
 
Хозяин квартиры. Прошу звонить до 22:00. Алексей 
 
Всем удачных сделок!",43.30354905,76.92390372504599
17,https://krisha.kz//a/show/679136003,1,3.0,9.0,,,40.5,,Зердели,монолитный,12.0,,хорошее,2014,,Алматы,Алатауский,есть возможность подключения,проводной,балкон,False,металлическая,совмещенный,паркинг,,линолеум,False,2.7,False,False,True,False,False,False,False,False,False,True,True,True,True,False,False,False,False,True,True,False,False,20900000,False,3,False,"Пластиковые окна, неугловая, улучшенная, комнаты изолированы, счётчики, тихий двор.
Отдельно стоящий дом. квартира не угловая, двор тихий, соседи дружные. квартира теплая уютная Дом в двух минутах от остановки, рядом поликлиника, садик, школа. Отличная детская площадка, свежи положенный асфальт во дворе, есть прогулочная аллея. Оплата возможно в крипте. Юридически все документы чистые.",43.29321515,76.8297154423357
18,https://krisha.kz//a/show/676045226,2,5.0,13.0,Муратбаева,,64.0,Макатаева,,монолитный,16.0,,хорошее,2021,12 месяцев,Алматы,Алмалинский,,,лоджия,False,металлическая,,паркинг,,,False,2.8,False,True,False,False,False,True,True,False,False,True,True,True,True,True,True,True,True,True,True,True,True,45500000,False,11,False,"Современная двухкомнатная квартира в ЖК комфорт класса в центре города. евротрешка. 
Евроремонт из качественных материалов, неугловая, теплая, солнечная сторона. Полностью мебелирована, все новое, мебель остается. 
ЖК введен в эксплуатацию в 2021 году, закрытый двор без машин, охрана, видеодомофон. В ЖК есть подземный паРКинг. 
Все находиться в шаговой доступности, Мега паРК, Магнум, торговые центры, несколько школы, детские сады. документы в порядке, ипотека подходит. 
Хозяева, без посредников.",NA,NA
19,https://krisha.kz//a/show/679451257,3,1.0,5.0,,,85.0,,Айнабулак-2 47,панельный,20.0,,,1985,,Алматы,Жетысуский,отдельный,проводной,,False,,совмещенный,,,ламинат,False,2.8,False,False,False,False,False,False,False,False,False,True,True,True,True,True,True,True,True,True,True,True,True,56000000,False,24,False,"Продам 3 комнатную Чистую уютную квартиру. Общей площадью 85 кв. м. 
Жилая площадь около 50 кв. 
Удачная планировка. Светлая, большая кухня 20 кв. 
Большой зал 18 кв и 2 спальни. Пристроили ещё 2 комнаты, с кухни с тёплым полом, и со спальни. 
Качественные германские окна. Охранная сигнализация « Кузет» 
Сделан евроремонт с использованием качественных материалов. Делали все для себя, продумывая каждую мелочь. Встроенная кухня с техникой и фурнитурой «Блюб» 
Ремонт делали в прошлом году. 
В доме живут семейные порядочные Соседи — приятные и ненавязчивые, с ними легко поддерживать хорошие отношения. Не мало парковочных мест, рядом охраняемые стоянки. 
На территории дома большие, игральные площадки для детей, футбольное поле. Рядом магазины, овощные, аптеки, салоны красоты. Отличная транспортная развязка. 
В 50 метрах детские сады, школы. 
Заходи и живи) Отличное предложение напрямую от собственника .",43.32040245,76.91785758334703
20,https://krisha.kz//a/show/679404301,4,3.0,5.0,Омаровой,37,185.0,Достык,,монолитный,15.0,150.0,хорошее,2008,Европолис,Алматы,Медеуский,отдельный,через TV кабель,балкон и лоджия,True,бронированная,2 с/у и более,паркинг,полностью,паркет,False,3.3,False,True,True,True,False,True,True,False,False,True,True,True,True,True,True,True,False,True,True,True,False,195000000,False,32,False,"Кондиционер, пластиковые окна, неугловая, улучшенная, комнаты изолированы, кухня-студия, встроенная кухня, новая сантехника, счётчики, тихий двор.
Продается 4-х комнатная квартира в ЖК Европолис (Премиум) класса. ЖК расположен в эколоческом чистом районе г. Алматы, кристальный чистый воздух, прекрасный вид на горы. В данную стоимость входит 1 паРКовочное место в подземном паРКинге. 
Квартира просторная, уютная в идеальном состоянии после капитального ремонта, который был сделан год назад. 
Вся сантехника немецкая ""Villeroy Boch"". 
Дорогая мебель, теплые полы, кондиционеры. 
Просторная гостиная 50 кв. м с действующим Камином на дровах. 
2 полноценные спальни со своими с/у. 
Встроеная мебель изготавливалась в Алматы по дизайну проекта. 
продается со всей обстановкой, в связи с переездом. на площадке 2 квартиры. Интелегентные соседи. Тишина и покой. Охраняемый ЖК. 
 
Хороший торг реальному покупателю.",NA,NA
21,https://krisha.kz//a/show/679049479,2,2.0,8.0,проспект Гагарина,100,43.1,Уг,,кирпичный,,26.2,черновая отделка,1987,,Алматы,Алмалинский,,,,False,металлическая,совмещенный,рядом охраняемая стоянка,без мебели,,False,2.6,True,False,True,False,False,False,False,False,False,True,True,False,False,True,False,False,False,True,True,False,True,28000000,False,10,False,"Пластиковые окна, неугловая, кухня-студия, счётчики, тихий двор, удобно под коммерцию.
Квартира без ремонта (в черновой отделке). 
Мы начали делать ремонт, но не закончили. 
Установили уже: Новую дверь входную, окна новые, батареи, трубы. 
Дом кирпичный толстые стены, тёплый дом. 
Под ипотеку проходит. 
Район отличный всё рядом. 
Рядом станция метро. 
Очень хорошо развитая инфраструктура. 
ВНИМАНИЕ РИЕЛТОРЫ НЕ звонИТЕ И НЕ БЕСПОКОЙТЕ. !",NA,NA
22,https://krisha.kz//a/show/677871175,3,4.0,7.0,Толе Би,160,70.0,Ауэзова,,панельный,6.7,,требует ремонта,1976,,Алматы,Алмалинский,отдельный,оптика,балкон и лоджия,True,металлическая,раздельный,,,линолеум,False,,False,False,True,False,False,False,False,False,False,True,True,False,True,False,False,False,False,True,True,True,False,37000000,False,16,False,"Кондиционер, пластиковые окна, неугловая, комнаты изолированы, счётчики, тихий двор.
Окна зала и спальни выходят во двор. Соседние дома поодаль, поэтому вид открывается на верхушки деревьев и видны горы. Окна третьей комнаты выходят на Толе Би, с этой же стороны располагается большой балкон. 
В шаговой доступности рядом с домом есть: супермаркет «Small», две школы и гимназия, детский сад, небольшой базарчик и детская поликлиника. 
Удобная транспортная инфраструктура. Так как дом находится на пересечении улиц Толе би и Аузова, то отсюда можно уехать во все части города. Рядом несколько остановок. 
квартира без основательного ремонта, что позволит вам переделать ее полностью под себя. 
 
ДЛЯ РИЭЛТОРОВ: Фотографии никому не высылаем и не разрешаем публиковать эту квартиру в своих объявлениях. Торга нет. Любые комиссии только сверх указанной суммы. Благодарим за понимание!",NA,NA
23,https://krisha.kz//a/show/676500463,3,2.0,3.0,,,82.6,,Ерменсай участок 9,кирпичный,,80.5,свободная планировка,2022,Alma Villa,Алматы,Бостандыкский,,,балкон,False,бронированная,,паркинг,,,False,3.15,False,False,False,False,False,False,False,False,False,True,True,True,True,True,True,True,True,True,True,True,True,58300000,False,10,False,"3-х комнатная квартира в строящемся жк Алма-Вилла. 7 блок. Выдача ключей - октябрь 2022г. квартира полностью оплачена, документы на руках, готова к ремонту. Ипотека + 2 000 000. 
В данный момент сделана стяжка, установлены батареи и стеклопакеты, начато обустройство дворовой территории. В подъезде установлены лифты и щиты с электросчетчиками. 
 
ЖК «Алма Вилла» – одиннадцать трехэтажных домов бизнес-класса, спроектированных в едином современном стиле и строящиеся с применением самых передовых технологий из высококачественных экологически безвредных материалов. 
 
Новостройка имеет монолитно-железобетонный каркас, а также плоскую кровлю, которая покрывается мягкой рулонной гидроизоляцией и оснащается внутренним водостоком. Наружные стены утепляются долговечным теплоизолятором. Фасад облицовывается кирпичом, фиброцементными плитами и декоративными навесными вентилируемыми панелями под дерево. 
 
Несмотря на небольшую этажность, каждый блок оборудуется пассажирскими и грузовыми лифтами. Согласно проекту новостройка оснащается автономной системой отопления от общего газового котла, современными инженерными коммуникациями, всем необходимым технологическим оборудованием. 
 
Жилой комплекс «Алма Вилла» имеет большую территорию, где создаются все условия для разнообразного отдыха как детей, так и взрослых. Между домами прокладываются проезды для авто и пешеходные дорожки. 
 
На территории комплекса сооружаются игровые площадки с современным оборудованием, workout-зона с уличными тренажерами и зоны отдыха. Также в ЖК будет обустроена фитнес и спа-зона с крытым бассейном. 
 
Проект предусматривает устройство асфальтированных площадок для установки мусоросборных контейнеров. Выполняется ландшафтное озеленение – высаживаются декоративные растения, деревья и кустарники, разбиваются цветники. Устанавливаются современные приборы наружного освещения. 
 
Имеется подземный паркинг для авто жильцов и обустраивается наземная парковка для временной стоянки гостевого транспорта. Первые этажи новостройки отведены под кафе, магазины и другие объекты инфраструктуры. 
 
В стоимость входит улучшенная черновая отделка, установка окон и балконных дверей с энергосберегающими стеклопакетами.",43.13757885,76.92712352226363
24,https://krisha.kz//a/show/666772924,4,21.0,21.0,Солодовникова,21а,150.0,Радостовца,,монолитный,16.7,83.7,,2008,КУАТ на Сатпаева - Гагарина,Алматы,Бостандыкский,отдельный,через TV кабель,балкон и лоджия,True,металлическая,2 с/у и более,паркинг,полностью,ламинат,False,3.0,False,True,True,False,True,True,False,False,False,True,False,True,True,False,True,False,False,True,True,True,False,86000000,False,46,False,"Пластиковые окна, улучшенная, комнаты изолированы, встроенная кухня, счётчики, тихий двор, кондиционер.
Продаётся 4-х комнатная, единственная в своём роде (150 кв/м), квартира в этом комплексе. Очень удобная локация, подъезд к дому с 4-х улиц по периметру (Сатпаева-Розыбакиева-Гагарина-Джандосова). На территории комплекса находятся: 
- салон красоты 
- продуктовые магазины 
- фитнес центр 
- детская ""развивайка"" 
 - химчистка 
- спортивная и детская площадки и т.д. 
Территория комплекса закрыта и находится под круглосуточной охраной. 
одно из самых сейсмостойких зданий в городе. Строительство объекта велось в сопровождении лаборатории казНИИСА, которая по сей день работает на территории комплекса. 
квартира продаётся вместе с обстановкой, так как это указано на фотографиях. Окна выходят на юго-восток и северо-восток. Из окон открывается потрясающий панорамный вид на город и горы. Обзор ни чем не ограничен на 180 градусов! Такой вид из окна большая редкость при нынешней плотной застройке. В квартире установлена сигнализация, а также есть 
- 3 спальни 
- 2-е гардеробные 
- 2 санузла 
- 2-е лоджии 
- ""бытовка"" 
 - зал 
-кухня-встройка 
в том числе: 
- 5 телевизоров 
- 5 кондиционеров 
- паркинг (входит в стоимость) обмен не интересует. Агентства и риэлторов просьба не беспокоить. торг минимальный.",NA,NA
25,https://krisha.kz//a/show/673712501,3,5.0,5.0,Пр,,55.5,,Алмагуль,панельный,5.9,,,1976,,Алматы,Бостандыкский,,,,False,,раздельный,,без мебели,линолеум,False,2.5,False,False,False,False,False,False,False,False,False,False,False,False,False,False,False,False,False,False,True,False,False,30000000,True,8,False,Тихий двор.,43.1762766,76.8734051
26,https://krisha.kz//a/show/679606680,2,5.0,17.0,Егизбаева,7г,70.0,Пересечение Сатпаева,,монолитный,,,хорошее,2022,ALA Park,Алматы,Бостандыкский,,оптика,лоджия,True,бронированная,,паркинг,,ламинат,False,2.7,False,False,False,False,False,False,False,False,False,True,True,True,True,True,True,True,True,True,True,True,True,64500000,False,12,False,"Квартира только после ремонта, очень просторная, с отдельной большой кухней. Продаётся со всей встроенной корпусной мебелью, ожидаем на днях: кухонный гарнитур, шкаф купе при входе, гардеробная в спальной комнате.",NA,NA
27,https://krisha.kz//a/show/679581784,1,8.0,12.0,Сатпаева,90,39.0,Туркебаева,,монолитный,11.0,21.0,черновая отделка,2022,Акварель,Алматы,Бостандыкский,,,лоджия,True,,,паркинг,,,False,2.75,False,True,False,False,False,True,False,False,False,True,True,True,True,False,False,True,False,True,True,False,False,28500000,False,5,False,"Пластиковые окна, неугловая, улучшенная, комнаты изолированы, новая сантехника, счётчики, тихий двор.
Квартира в ЖК ""Акварель"", тихий и очень уютный комплекс с развитой инфраструктурой, двор без машин. 
Удобная планировка, можно перепланировать в 2-х комнатную, в доме два лифта. 
Дом полностью готов, ведутся отделочные работы в подъездах и по благоустройству территории, срок сдачи - декабрь 2022.",NA,NA
28,https://krisha.kz//a/show/678910921,1,1.0,6.0,Кенесары Хана,83/2,16.5,Аскарова,,монолитный,,,,2013,Аскар Тау,Алматы,Бостандыкский,,,,False,металлическая,совмещенный,паркинг,полностью,ламинат,False,2.7,False,True,True,False,False,True,False,False,False,True,True,False,False,False,False,True,False,True,True,False,True,9900000,False,7,False,"Пластиковые окна, неугловая, новая сантехника, счётчики, тихий двор, удобно под коммерцию.
Новая квартира на цокольном этаже в жилом комплексе Аскар Тау 
 
Экологически чистый район с развитой инфраструктурой 
 
Удобно для проживания и для сдачи в аренду 
 
Ипотеки нет, только наличный расчет",NA,NA
29,https://krisha.kz//a/show/678803868,2,6.0,7.0,Жамакаева,254/2,61.0,,Горный Гигант,монолитный,,,хорошее,2015,Тау Шатыр,Алматы,Медеуский,отдельный,ADSL,,False,бронированная,совмещенный,паркинг,полностью,ламинат,False,3.2,False,True,False,False,False,False,False,False,False,True,True,False,False,True,False,True,False,True,True,True,False,57000000,False,16,False,"Пластиковые окна, неугловая, кухня-студия, новая сантехника, счётчики, тихий двор, кондиционер.
Продается очень светлая 2-х комнатная квартира со свежим ремонтом в элитном жилом комплексе «Тау Шатыр», который расположен в 5 минутах езды от проспекта Аль-Фараби, в экологически чистой предгорной зоне Медеуского района вдоль речки Есентай. 
 
Удобное расположение ЖК позволяет объехать пробки на Аль-Фараби и быстро доехать до любой точки города. 
 
Рядом с жилым комплексом расположены детские сады, школа НИШ ФМН и Haileybury Almaty, медецинский центр Mediterra, Esentai Mall, Villa Dei Fiori, а также Международный комплекс трамплинов «Сункар». 
 
В 5 минутной доступности кафе и рестораны в Esentai City. 
 
На просторной придомовой территории расположены спортплощадка, детские площадки для детей разного возраста и зоны отдыха. 
 
У комплекса есть собственный выход на набережную реки Есентай и огороженная просторная паРКовочная зона, так же доступен нижний паРКинг под домом, на который спускается лифт. 
 
Данная квартира находится в доме Д1, который является самым качественным среди всех домов комплекса. 
 
Живя здесь, не ощущаешь городскую суету. Тишина и спокойствие. Соседей не слышно ни с какой стороны - прекрасная шумоизоляция. 
В квартире остается практически все, заезжайте - живите.",43.210856199999995,76.94791315
30,https://krisha.kz//a/show/676018268,4,4.0,10.0,Досмухамедова,,105.0,Шевченко,,монолитный,,,хорошее,2015,Жасмин,Алматы,Алмалинский,отдельный,оптика,лоджия,True,металлическая,2 с/у и более,паркинг,,ламинат,False,2.8,True,False,True,False,False,True,False,False,False,True,True,True,True,False,False,False,False,True,True,True,False,87000000,False,17,False,"Кондиционер, пластиковые окна, неугловая, комнаты изолированы, счётчики, тихий двор, улучшенная.
Полноценная 4х комнатная квартира очень светлая, тёплая и уютная. комнаты изолированные. Все есть для комфортного проживания для всех домочадцев. Мебелирована и обустроена техникой. Просто заходи и живи. Магазины, остановки, школы, университеты, все в шаговой доступности. Удобный этаж. 2 санузла. Ванная и душевая. В доме всего 2 подъезда. Двор огорожен и охраняем. Камеры видео наблюдения. коммунальные небольшие. Скоростные лифты. Двор уютный. Дружные соседи. Паркинг. Все рядом. Расположение супер. Для большой и дружной семьи в самый раз! Торг уместен при осмотре.",NA,NA
31,https://krisha.kz//a/show/678195479,3,1.0,9.0,,,73.8,Оптовка,Тастак-3,панельный,12.0,,хорошее,1990,,Алматы,Алмалинский,отдельный,оптика,балкон,True,металлическая,раздельный,рядом охраняемая стоянка,,линолеум,False,2.7,True,False,True,False,False,False,False,False,False,True,False,True,True,False,False,False,True,True,True,False,True,40500000,False,14,False,"Пластиковые окна, удобно под коммерцию, улучшенная, комнаты изолированы, кладовка, счётчики, тихий двор.
Хорошее местоположение, удобно уехать в любую часть города, рядом садики, школы, оптовый рынок, магазины, спорт площадки, разного рода кружки, поликлиника. торг",43.258133,76.88651137744563
32,https://krisha.kz//a/show/679514660,3,8.0,12.0,Мкр Аксай,,66.5,,,монолитный,9.0,40.0,хорошее,1998,,,,,проводной,балкон,True,металлическая,раздельный,рядом охраняемая стоянка,полностью,ламинат,False,2.8,False,False,True,False,False,True,False,False,False,True,False,False,True,False,True,False,True,True,False,True,False,35000000,False,9,False,"Кондиционер, пластиковые окна, комнаты изолированы, встроенная кухня, кладовка, счётчики.
Квартира с ремонтом, не требует вложении. Окна новые, ламинат, балкон с капитальным ремонтом. 
Днем просим Вас писать на ап по указанному телефону. Квартиру можно посмотреть после 19:00. В выходные дни в любое время.",NA,NA
33,https://krisha.kz//a/show/678386546,1,2.0,8.0,Гагарина,100,20.4,проспект Абая,,кирпичный,,18.0,хорошее,1987,,Алматы,Алмалинский,,,,False,металлическая,совмещенный,рядом охраняемая стоянка,,линолеум,False,,True,False,True,False,False,True,False,False,False,True,True,False,False,True,False,True,False,False,True,False,True,19300000,False,7,False,"Пластиковые окна, неугловая, кухня-студия, новая сантехника, тихий двор, удобно под коммерцию.
Квартира-студия. (ЭТО НЕ ОБЩЕЖИТИЕ) 
3 квартиры на площадке. 
После свежего ремонта. Окно смотрит во двор. 
Рядом есть всё: Станция метро, детсады, школы, все возможные магазины, транспорт в любую точку города. 
ВНИМАНИЕ РИЕЛТОРЫ, не звоните пожалуйста. ! 
Продаю самостоятельно и в услугах маклеров не нуждаюсь.",NA,NA
34,https://krisha.kz//a/show/675988917,1,6.0,12.0,,,35.0,,,монолитный,,,,2022,Taugul,Алматы,Ауэзовский,,,,False,,,,,,False,2.7,False,False,False,False,False,False,False,False,False,True,True,True,True,True,True,True,True,True,True,True,True,28500000,False,3,False,"1-комн квартиру в жк Taugul 1-оч. 
Окна выходят на восток, солнечная сторона. 
ДДУ имеется. 
сдача 4кв. 2022г.",43.224723350000005,76.85135670765314
35,https://krisha.kz//a/show/671797478,4,3.0,5.0,,,76.0,Макатаева,Айнабулак-3 131,панельный,9.0,,хорошее,1985,,Алматы,Жетысуский,отдельный,ADSL,балкон,True,металлическая,раздельный,,,ламинат,False,2.6,True,False,True,False,False,False,False,False,False,True,True,True,False,False,False,True,False,True,True,True,False,55000000,False,18,False,"Пластиковые окна, тихий двор, кондиционер, неугловая, улучшенная, новая сантехника, счётчики.
Продаётся 4-х комнатная улучшенная квартира в шикарном состоянии, просторная и светлая, находиться в Мкр-н Айнабулак 3. Все в доме делалось для себя, на совесть, фотографии квартиры говорят сами за себя. 
Двор тихий, в наличии есть парковочные места, поблизости две стоянки для машин, школы, детские садики и помимо этого, всё что может понадобиться из продуктов находиться в шаговой доступности. 
С документами все в порядке. Если хотите посмотреть, звоните предварительно. Удачных покупок и продаж.",43.3140813,76.9095245
36,https://krisha.kz//a/show/677466877,4,3.0,5.0,,,86.0,,Мамыр-1,панельный,12.0,,,1994,,Алматы,Ауэзовский,,проводной,,False,,раздельный,,частично,паркет,False,2.8,False,False,True,False,True,False,True,False,False,True,True,True,True,False,True,False,True,True,True,True,False,55500000,False,23,False,"Неугловая, кладовка, улучшенная, пластиковые окна, встроенная кухня, комнаты изолированы, кондиционер, счётчики, тихий двор.
Риелторам не беспокоить! 
Продаём уютную квартиру в тихом районе, расположенную вдали от улиц с зелёными дворами и новыми детскими площадками по обе стороны дома. Квартира в отличном состоянии, с добротным ремонтом из качественных стройматериалов, полы из натурального паркета, гипсовая лепка ручной работы, не угловая, тёплая, комнаты все изолированные и выходят на две стороны дома, раздельный санузел. Широкий холл, оригинально отделан натуральными деревянными плитками. В квартире есть видеодомофон, общий домофон, Кузет охрана, интернет, городской телефон. Продаем вместе с бытовой техникой и частично мебелью. Также иеются встроенные шкафы в комнатах, встроенная дорогая итальянская кухонная мебель и другие предметы интерьера. Из бытовой техники: стиральная машина, посудомойка, духовка, микроволновка, 4 кондиционера! 
В шаговой доступности от дома: ТРЦ Спутник, Магнум, школы, дет. сады, мед. центр «Сункар», магазины «у дома», мастерские и т.д. 
Продаём в связи с расширением. Торг уместен !",43.224723350000005,76.85135670765314
37,https://krisha.kz//a/show/678858460,2,9.0,9.0,,,62.0,,Аксай-4 39,панельный,11.0,,хорошее,1986,,Алматы,Ауэзовский,,,,False,,,,,,False,,False,False,False,False,False,False,False,False,False,True,True,True,True,True,True,True,True,True,True,True,True,36500000,False,20,False,"Предлагаем вашему вниманию двухкомнатную квартиру на девятом этаже. квартира очень светлая и уютная. Окна выходят на юго-север с шикарным видом на горы! квартира не угловая. Раздельный сан узел. Перепланировка узаконена. Крыша после капитального ремонта. Лифт новый, установлен месяц назад. 
 
В квартире остается вся мебель и техника. Заезжай и живи! 
 
одно из главных преимуществ- очень хорошие соседи, дружный подъезд. 
 
Развитая инфраструктура, тихий двор, удобная транспортная развязка. В шаговой доступности три государственных садика №100, №57, №186, школа-гимназия 132, школы 117, 141, специализированный лицей 126, образовательный центра УМКА, супермаркет Small, Magnum, базар Арыстан, в двух остановка станция метро Б. Момыш-улы.",43.224723350000005,76.85135670765314
38,https://krisha.kz//a/show/676945964,3,5.0,8.0,Саин,2,76.0,Саин,,панельный,12.4,,хорошее,1975,,Алматы,Ауэзовский,есть возможность подключения,оптика,,False,бронированная,раздельный,рядом охраняемая стоянка,,,False,2.85,False,False,True,False,False,True,False,False,True,True,True,True,True,False,True,False,False,True,False,False,False,38000000,False,14,False,"Улучшенная, комнаты изолированы, встроенная кухня, неугловая, пластиковые окна, счётчики.
Немесе 1 бөлмелі пәтерге айырбастаймын",NA,NA
39,https://krisha.kz//a/show/678443461,3,11.0,13.0,Достык,,84.0,Джамбула,,кирпичный,,,хорошее,1972,Три Богатыря,Алматы,Медеуский,отдельный,оптика,балкон,False,металлическая,раздельный,,,,False,2.7,True,False,True,False,False,False,True,False,False,True,False,False,False,True,False,False,True,True,True,False,False,70000000,False,9,False,"Пластиковые окна, кухня-студия, кладовка, счётчики, тихий двор.
Исторический центр города. Тёплая и уютная квартира с шикарным видом на горы, окна выходят на тихую улицу, отличная продуваемость. 
Кухня-гостиная – 26, 9 кв. м., комнаты: 13, 4; 13; 9, 6 кв. м., кладовка 4, 6 кв. м., ванная 3, 2 кв. м., туалет 1, 2 кв. м., прихожая 8, 4 кв. м., балкон. Высота потолков: 2, 7. 
Встроенная кухня Westfalia, испанская плитка, встроенная техника Gorenje (индукционная плита, духовка, вытяжка, посудомоечная машина. ) . Установлен фильтр для воды Аквафор. 
Санузел раздельный. Отделка керамогранитом и испанской плиткой. Санузлы и кухня – пластиковые трубы, установлены счетчики. 
Пол во всей квартире паркетная доска (Польша). Частично теплые полы Devi. 
Два домофона: подъездный и квартирный видеодомофон на площадке (+ 2 видеокамеры) с возможностью просмотра через интернет. Интернет оптический кабель Казахтелеком (до 500 Мбит) Вся электрика поменяна на новые медные провода, включая вводной кабель, разделение на группы по комнатам, розетки и выключатели фирмы Bticino. 
Входная дверь металлическая, облагорожена деревом. 
Пластиковые окна REHAU. 
Два кондиционера Samsung. 
Планируется реконструкция фасада дома по государственной программе. 
Продажа от собственника, риэлторов просьба не беспокоить.",NA,NA
40,https://krisha.kz//a/show/678944809,3,,,,,88.0,,Мирас,монолитный,,,черновая отделка,2013,,Алматы,Бостандыкский,,,,False,,,,,,False,3.0,False,False,False,False,False,False,False,False,False,True,True,True,True,True,True,True,True,True,True,True,True,67000000,False,20,False,"Роскошная квартира в одном из самых комфортабельных ЖК - «Тан-Нуры» элит класса, расположенном в экологически чистом районе. Данный ЖК для тех, кто хотел бы жить в загородном доме рядом с природой, но при этом хочет оставить все удобства меолиса. Фасады домов выполнены в триумфальном стиле опейского классицизма, дополненные роскошным ландшафтным дизайном: статуи, фонтаны, зелень, декоративные элементы. Все возведенные здания имеют лучшие показатели сейсмостойкости, что важно для Алматы. На охраняемой территории комплекса множество аллей и беседок, обустроено несколько детских площадок, имеются фитнес клуб «Тан-Нуры», бассейн, школа плавания и триатлона «Swim & Bike», сауна, минимаркет «BioGourmet», кафе «Whoppie Cakes», кофейня «Sweet Cheese», студия творчества. Один из лучших подземных паркингов в городе, чистый с высоким потолком, подойдет для любых габаритов машин. По соседству с ЖК парк им. Первого Президента, Международная школа Мирас, школа «Бобек», мнорофильный МЦ «Private Clinic Almaty», гольф-курорт «Жайляу». Отсюда легко добираться в любую точку города. Из окон квартир открываются прекрасные пейзажи Заилийского Алатау.",43.13757885,76.92712352226363
41,https://krisha.kz//a/show/679619780,3,7.0,16.0,Жуалы,,132.0,,Шугыла,монолитный,,,хорошее,2017,Премьера,Алматы,Наурызбайский,отдельный,ADSL,балкон,True,металлическая,раздельный,рядом охраняемая стоянка,частично,,False,2.8,False,False,False,False,False,False,False,False,False,True,True,True,True,False,True,True,False,True,True,False,False,49000000,False,17,False,"Пластиковые окна, неугловая, улучшенная, комнаты изолированы, встроенная кухня, новая сантехника, счётчики, тихий двор.",43.2227233,76.794877
42,https://krisha.kz//a/show/679404991,2,4.0,9.0,,,51.0,Толе би яссауи,Аксай-3Б,кирпичный,9.0,,требует ремонта,1994,,Алматы,Ауэзовский,есть возможность подключения,оптика,балкон,True,металлическая,раздельный,паркинг,,линолеум,False,2.8,False,False,False,False,False,False,False,False,False,True,True,True,True,True,True,True,True,True,True,True,True,30500000,False,9,False,"Сейсмостойкий кирпично ригельный дом, квартира светлая и просторная, готова к ремонту под себя",NA,NA
43,https://krisha.kz//a/show/679084784,1,3.0,9.0,,,39.0,,Аксай-1А 4,монолитный,10.0,,хорошее,2001,,Алматы,Ауэзовский,,,,False,металлическая,,,,,False,2.8,False,False,False,False,False,False,False,False,False,True,True,True,True,True,True,True,True,True,True,True,True,22700000,False,6,False,"Продам 1-комнатную квартиру в хорошем состоянии, Толе Би- Яссауи, отличная инфраструктура, рядом школы, садики, супермаркеты, поликлиника на 1-ом этаже, новая детская площадка, высокие потолки, теплая",43.224723350000005,76.85135670765314
44,https://krisha.kz//a/show/679620112,3,,,Нажимеденова,78,91.0,,,монолитный,,,,2022,Miras Hills,Алматы,Наурызбайский,,,,False,,2 с/у и более,паркинг,,,False,3.2,False,False,False,False,False,False,False,False,False,True,True,True,True,True,True,True,True,True,True,True,True,63000000,False,7,False,"Двухэтажный таунхаус в экологически чистом районе города, выше Аль-Фараби, вторая линия Ул. Аскарова. ЖК бизнес- класса Miras Hills.",43.1767654,76.862235
45,https://krisha.kz//a/show/679414516,2,1.0,13.0,Макатаева,,60.0,Муратбаева,,монолитный,16.0,,хорошее,2021,Atlant,Алматы,Алмалинский,,через TV кабель,,False,металлическая,совмещенный,паркинг,,ламинат,False,3.1,True,False,True,False,False,True,False,False,False,True,True,True,True,False,False,True,False,True,True,False,True,52000000,True,3,False,"Пластиковые окна, удобно под коммерцию, неугловая, улучшенная, комнаты изолированы, новая сантехника, счётчики, тихий двор.
Продам квартиру после ремонта. на первом этаже. удобно под коммерцию. жк Атлант",NA,NA
46,https://krisha.kz//a/show/676687470,2,4.0,20.0,Гагарина,310,66.54,Аль,,монолитный,18.45,,,2022,Комфорт Сити,Алматы,Бостандыкский,,,,False,,,,,,False,3.0,False,False,False,False,False,False,False,False,False,True,True,True,True,True,True,True,True,True,True,True,True,48000000,False,4,False,"На обмен дороже! 
 
11 пятно 
 
Дом бизнес КЛАССА 
 
сдача декабрь 2022 года, дом уже построен, ведутся отделочные работы. 
 
цена из за срочности! Успейте купить! 
 
*ЖК комфорт-Сити расположен в стремительно развивающемся районе города. Высокий, статный, современный, с развитой инфраструктурой. 
*Для автовладельцев предусмотрен подземный паркинг. 
*Поддерживающая инфраструктура позволит не покидать «комфорт Сити» без необходимости и экономить время себе и близким. В шаговой доступности: супермаркеты, кофейни, аптеки, медицинские центры, отделения банков, SPA и салоны красоты и другие предприятия обслуживания жителей квартала. 
*комплексная безопасность района обеспечивается: 
• Участковым пунктом полиции на территории жилого квартала 
 
• Круглосуточной профессиональной службой охраны 
 
• Интеллектуальной системой видеоконтроля АПК «Сергек», отвечающей за общественную безопасность 
• Цифровыми системами видеонаблюдения в подъездах и во дворе 
 
• Системами контроля доступа 
 
• Ограниченным въездом во двор – только для спецтранспорта 
 
• Консьержем в каждом подъезде 
 
Общая инфраструктура района с большим 
выбором школ, детских садов, вузов, торговых центров, ресторанов, транспортных развязок поможет сделать 
вашу жизнь максимально насыщенной и свободной. 
квартира продается по переуступке прав покупателю.",NA,NA
47,https://krisha.kz//a/show/675282780,3,4.0,20.0,Брусиловского,163,114.2,Кулымбетова,Тастак-3,монолитный,11.3,82.8,хорошее,2010,Манхеттен (29 квартал),Алматы,Алмалинский,есть возможность подключения,проводной,несколько балконов или лоджий,True,металлическая,2 с/у и более,паркинг,частично,ламинат,False,3.0,False,False,True,False,False,True,False,False,False,True,False,True,True,False,True,False,False,False,False,True,False,63000000,False,27,False,"Пластиковые окна, улучшенная, комнаты изолированы, встроенная кухня, кондиционер.
3-х комнатную квартиру с удобной планировкой, межкомнатные двери и входная по заказу изготовлена из дерева, входная металлическая, обшито деревом, высота 2, 2 м., в кухне встроенная гарнитура, электрическая плита, посудомойка, вытяжка со встроенным вентилятором, микроволновка, кондиционер, также кондиционер установлен в большой спальне, с большой спальни вход в сан/узел (ванна с гидромассажем, биде, унитаз и мойка), с прихожей вход в общий сан/узел (душ, унитаз и мойка), в зале имеется гардеробное помешение с сейфом внутри, все это входит в стоимость квартиры. Торг.",NA,NA
48,https://krisha.kz//a/show/678718441,3,5.0,6.0,,,72.0,,№10 17,кирпичный,10.0,,,1990,,Алматы,Ауэзовский,,,,False,,,,,,False,,False,False,False,False,False,False,False,False,False,True,True,True,True,True,True,True,True,True,True,True,True,50000000,False,16,False,"Полноценная 3 комнатная квартира в кирпичном доме. Этаж 5 из 6. Не угловая. Улучшенной планировки - изолированные комнаты, ширина комнат не менее 3.5 м. Широкие окна. в квартире очень свело. Потолки 2.8м. Просторные, отдельно расположенные сан узлы: ванна и туалет. большая кухня. квартира во всю ширину дома. С окон двусторонний вид на горы. Верхняя часть города, т. к. дом в районе улицы Джандосова. Дом на второй линии от улицы Берегового. Расположен во дворах, не у дороги! Большой детский двор с обильной зеленью. Тихий, без сквозного проезда. Безопасность для детей. Постоянное ночное освещение двора. Максимальное место для парковки. Единственные хозяева. Никогда не сдавалась в аренду! На данный момент пустая. Готова к ремонту. Основное преимущество квартиры: это зимой очень теплая, летом в жару прохладная.",43.224723350000005,76.85135670765314
49,https://krisha.kz//a/show/678961321,2,3.0,4.0,,,49.0,Наманганская,Алтай-2 6,,6.0,,хорошее,1973,,Алматы,Турксибский,отдельный,ADSL,,False,бронированная,раздельный,,,ламинат,False,,False,False,True,False,False,False,False,False,False,True,True,False,False,False,False,False,False,False,False,True,False,25000000,False,25,False,"Кондиционер, пластиковые окна, неугловая.
Светлая, уютная и квартира на 3 ем этаже, с отличным двором, хорошая детская площадка, спортивная площадка с тренажёрами, всегда есть парковка, прям около дома, далеко ходить не нужно. В квартире дарим всю мебель: стол со стульями, диван, горка в зале, белая спальня: 
кровать, камод, 2 тумба, большой шифонер. Так же оставляем всю технику: холодильник, газ, микроволновку, стиральную машину, телевизор. Новые люстры. Чистый подъезд после ремонта окна пластиковые в подъезде, приятно подниматься до квартиры. В подвале в том году поменяли трубы, отличные соседи. Рядом 200 м. Хорошая школа и сад. Дверь входная шикарная. Заезжай и живи. Уютное гнёздышко для хорошей семьи. Квартира пустая заезжай и живи!",43.3487183,76.9849697
50,https://krisha.kz//a/show/678996737,2,3.0,7.0,Талгарский тракт,,65.0,,,монолитный,16.0,,хорошее,2022,,,,,,,False,металлическая,совмещенный,рядом охраняемая стоянка,полностью,ламинат,False,2.7,False,True,True,False,False,True,False,False,False,True,True,True,True,False,True,True,False,True,True,False,False,39999999,False,5,False,"Пластиковые окна, неугловая, улучшенная, комнаты изолированы, встроенная кухня, новая сантехника, счётчики, тихий двор.
ЖК Бесагаш. Полностью меблирован. Бытовая техника",NA,NA
51,https://krisha.kz//a/show/679286505,1,1.0,5.0,Мынбаева,47А,35.0,Ауэзова,,панельный,6.0,,хорошее,1981,,Алматы,Бостандыкский,,оптика,балкон,True,металлическая,совмещенный,рядом охраняемая стоянка,,линолеум,False,2.6,False,False,False,False,False,False,False,False,False,True,False,False,False,False,True,True,False,True,True,False,True,27700000,False,9,False,"Пластиковые окна, удобно под коммерцию, встроенная кухня, новая сантехника, счётчики, тихий двор.
Окна юг, большой балкон, вложений не требует, разумный торг уместен. Ипотеку рассматриваем.",NA,NA
52,https://krisha.kz//a/show/675878603,4,5.0,5.0,Г,,90.0,,,панельный,12.0,,хорошее,1991,,Алматы,Турксибский,отдельный,ADSL,несколько балконов или лоджий,True,металлическая,раздельный,паркинг,,ламинат,False,,False,True,True,True,True,False,False,False,False,True,True,True,True,True,True,True,True,True,True,True,True,40000000,False,12,False,"4-х комнатная квартира с общей площадью 90 кВ. м. Очень хорошая продуваемость т. к. квартира расположена в обе стороны дома. Очень хорошая локация, рядом 3 садика, 2 школы, Магнум, Small, ЦОН, ТРЦ март, 3 рынка. непосредственно с домом находится детский сад #32. В доме ВСЕго 2 подъезда, в каждом подъезде 10 кВ, на площадке по 2 квартиры. Во дворе своя парковка для жильцов дома. комнаты ВСЕ изолированны, санузел раздельный, имеется 1 кладовка, окна пластиковые. В этом году сделали капитальный ремонт для себя из качественных материалов. Заменена кровля крыши и утеплена стены снаружи.",43.3483333,76.98495718844501
53,https://krisha.kz//a/show/679619672,2,7.0,9.0,Варламова,2/3,60.9,Толе би,,монолитный,,,свободная планировка,2022,River Time,Алматы,Алмалинский,,,лоджия,False,,,паркинг,,,False,2.7,False,False,False,False,False,False,False,False,False,True,True,True,True,True,True,True,True,True,True,True,True,34000000,False,6,False,"Квартира комфорт класса, 2-х комнатная на 7 этаже, окна выходят на улицу Тлендиева. ЖК находится в районе с развитой инфраструктурой. 
Фасад - фиброцемент. 
Основа - монолитный каркас. 
Проходит по программе 7-20-25 
Продаётся по переуступке прав. Первоначальная сумма 13 000 000. Остаток 20 949 600 после ввода в эксплуатацию. Можно в ипотеку по любой программе. 
сдача дома в эксплуатацию декабрь 2022 - март 2023 г.",NA,NA
54,https://krisha.kz//a/show/676253925,6,1.0,4.0,,,197.0,,Рахат 24,монолитный,,,,2022,Nef Uptown,Алматы,Наурызбайский,,,,False,,2 с/у и более,паркинг,,,False,3.1,False,True,True,True,False,True,True,False,True,True,True,True,True,True,True,True,True,True,True,True,True,195000000,False,13,False,"Продаётся дуплекс (1-2 этаж) в ЖК Nef Uptown в свободной планировке. Панорамные окна, собственная терраса. Площадь первого этажа с террасой 110кв. м., площадь второго этажа 87кв. м. 
ключи на руках. Каркас лестницы готов.",43.180806649999994,76.8310189912559
55,https://krisha.kz//a/show/670507008,7,5.0,6.0,Гоголя,166,275.0,Муканова,,кирпичный,,,хорошее,2000,,Алматы,Алмалинский,отдельный,ADSL,несколько балконов или лоджий,True,бронированная,2 с/у и более,паркинг,полностью,ламинат,False,,True,False,True,False,True,False,False,False,False,True,False,True,True,True,True,True,False,True,True,True,False,105000000,False,76,False,"Пластиковые окна, улучшенная, комнаты изолированы, кухня-студия, встроенная кухня, новая сантехника, счётчики, тихий двор, кондиционер.
Улучшенную 7-ми комнатную квартиру, на 5м этаже, лифта в доме нет, в два уровня, по адресу Гоголя, дом 166. год постройки – 2000 год. Кирпичный дом. улучшенная, комнаты изолированные, есть гардеробная, тихий двор, есть подземный гараж (он в стоимость квартиры не входит). В хорошем состоянии-пластиковые окна, шпонированные двери, пол ламинат, ванные комнаты керамогранит, шкафы встроенные. Этаж 5/6 . Крыша не бежит, два года назад за собственные средства делали кап. ремонт крыши над своей квартирой. Площадь с двумя лоджиями 284, 5 кв. м., общая площадь 275, 1 кв. м (без лоджий), жилая – 182, 7 кв. м. 
Состоит из 5-ти жилых комнат (зал - 48, 1 кв. м, 4 спальни : 21 кв. м; 22 кв. м, 19, 8 кв. м, 16, 7 кв. м), 2-х кабинетов (8 кв. м и 7 кв. м), кухни (16, 7 кв. м. ), гардеробной (5 кв. м), холла (40 кв. м. ), 2-х ванных комнат (7, 7 кв. м и 7, 6 кв. м), туалета (1, 3 кв. м), прихожей (20 кв. м), двух лоджий (4, 7 кв. м и 4, 7 кв. м). 
Состояние. Меблированная. На окнах решетки, дверь бронированная, кондиционеры, охранная сигнализация. с й мебелью (включая ортопедические матрацы), европейским текстилем, качественной техникой (все в отличном рабочем состоянии), шелковыми коврами. 
Сантехника – итальянская, на стенах в ванных и туалете – итальянский керамогранит, пол – европейский ламинат. 5лет назад сделали капитальный ремонт: заменили всю проводку, заменили батареи и трубы новая мебель и прочее. торг не значительный при осмотре. обмен НЕ ПРЕДЛОГАТЬ! Просьба, риелторов не беспокоить, не тратьте свое время.",NA,NA
56,https://krisha.kz//a/show/677548427,2,2.0,5.0,,,98.0,,Ерменсай 16,монолитный,,,хорошее,2014,Ремизовка,Алматы,Бостандыкский,,ADSL,лоджия,True,,совмещенный,паркинг,,ламинат,False,3.0,False,True,True,False,False,False,True,False,False,True,False,True,True,True,True,False,False,True,True,True,False,69600000,False,17,False,"Кухня-студия, пластиковые окна, улучшенная, кондиционер, комнаты изолированы, счётчики, тихий двор, встроенная кухня.
Все, как на фото. Мебель и техника остается. от хозяина, без посредников. расположение, экологически чистый район. Рядом детский сад, Есентай мол и все, что нужно для комфортного проживания. Охраняемая территория, паркинг. Просмотр в удобное для вас время. Цена окончательная. Ипотеку рассматриваем",43.13757885,76.92712352226363
57,https://krisha.kz//a/show/675575989,2,4.0,5.0,Пер,,80.0,,Ерменсай,монолитный,7.7,,,2017,Комильфо,Алматы,Бостандыкский,есть возможность подключения,оптика,,False,бронированная,2 с/у и более,паркинг,,ламинат,False,3.0,True,True,False,False,False,True,False,False,False,True,True,True,False,False,True,True,False,True,True,True,False,76000000,False,23,False,"Кондиционер, пластиковые окна, неугловая, улучшенная, встроенная кухня, новая сантехника, счётчики, тихий двор.
! в связи с переездом продаем светлую, просторную, уютную, чистую квартиру в клубном доме комильфо 
 
Предлагается в продажу 2-комнатная квартира в ЖК премиум-класса «комильфо», построенный в предгорной части города, в Ремизовском ущелье. комплекс состоит из трех секций. Западно-европейский архитектурный стиль, который использовали проектировщики для создания уникального внешнего облика дома, нашел отражение в ажурном оформлении балконов и окон, а также в таких элементах французского дизайна, как карнизы и витражи. 
 
Жилой комплекс «комильфо» имеет весьма удачное расположение относительно делового центра города. Также рядом множество торгово-развлекательных центров, спортивных объектов, школ. одно из самых существенных преимуществ - весьма удобный выезд на проспект Аль-Фараби как в восточную, так и в западную сторону. 
В доме предусмотрен двухуровневый подземный паркинг, на придомовой территории будут располагаться детские площадки, зеленые зоны для отдыха. Обслуживанием комплекса занимается собственная служба эксплуатации. 
 
В ЖК «комильфо» предусмотрен максимальный уровень безопасности. В доме установлены современные системы видеонаблюдения и контроля доступа, организована круглосуточная охрана.",43.2368466,76.8953595
58,https://krisha.kz//a/show/679054286,3,9.0,9.0,,,86.0,,Нуркент,монолитный,12.0,50.0,хорошее,2018,,Алматы,Алатауский,есть возможность подключения,проводной,балкон и лоджия,False,металлическая,2 с/у и более,рядом охраняемая стоянка,без мебели,ламинат,False,2.8,False,False,True,True,True,False,False,False,False,True,True,True,True,False,True,False,False,True,True,False,False,38000000,False,17,False,"Пластиковые окна, неугловая, улучшенная, комнаты изолированы, встроенная кухня, счётчики, тихий двор.
Продам квартиру в хорошем месте рядам Халык Арена, детская площадка стадион, Магнум, базар Жибек жол, отличная понарама на горы, детский сад, школа, астановка, все рядом. есть возможность выкупить верхний этаж, подпенхауз или спорт зал, мастерскую, офис много пустых помещений",43.29321515,76.8297154423357
59,https://krisha.kz//a/show/678941453,2,8.0,18.0,Брусиловского,167,63.0,,,монолитный,,,хорошее,2012,Алтын Булак,Алматы,Алмалинский,,оптика,лоджия,True,металлическая,совмещенный,паркинг,полностью,ламинат,False,2.8,False,True,True,False,False,True,False,False,False,True,True,True,False,False,True,True,True,True,True,True,False,44000000,False,10,False,"Пластиковые окна, неугловая, улучшенная, встроенная кухня, новая сантехника, кладовка, счётчики, тихий двор, кондиционер.
Пластиковые окна, кондиционер. 
квартира в хорошем состоянии, рядом метро, магазины, всё в шаговой доступности. торг уместен в разумных пределах. Продаём с мебелью, дом чистый Риэлторов просьба не беспокоить.",43.24142515,76.87677802184507
60,https://krisha.kz//a/show/670507008,7,5.0,6.0,Гоголя,166,275.0,Муканова,,кирпичный,,,хорошее,2000,,Алматы,Алмалинский,отдельный,ADSL,несколько балконов или лоджий,True,бронированная,2 с/у и более,паркинг,полностью,ламинат,False,,True,False,True,False,True,False,False,False,False,True,False,True,True,True,True,True,False,True,True,True,False,105000000,False,76,False,"Пластиковые окна, улучшенная, комнаты изолированы, кухня-студия, встроенная кухня, новая сантехника, счётчики, тихий двор, кондиционер.
Улучшенную 7-ми комнатную квартиру, на 5м этаже, лифта в доме нет, в два уровня, по адресу Гоголя, дом 166. год постройки – 2000 год. Кирпичный дом. улучшенная, комнаты изолированные, есть гардеробная, тихий двор, есть подземный гараж (он в стоимость квартиры не входит). В хорошем состоянии-пластиковые окна, шпонированные двери, пол ламинат, ванные комнаты керамогранит, шкафы встроенные. Этаж 5/6 . Крыша не бежит, два года назад за собственные средства делали кап. ремонт крыши над своей квартирой. Площадь с двумя лоджиями 284, 5 кв. м., общая площадь 275, 1 кв. м (без лоджий), жилая – 182, 7 кв. м. 
Состоит из 5-ти жилых комнат (зал - 48, 1 кв. м, 4 спальни : 21 кв. м; 22 кв. м, 19, 8 кв. м, 16, 7 кв. м), 2-х кабинетов (8 кв. м и 7 кв. м), кухни (16, 7 кв. м. ), гардеробной (5 кв. м), холла (40 кв. м. ), 2-х ванных комнат (7, 7 кв. м и 7, 6 кв. м), туалета (1, 3 кв. м), прихожей (20 кв. м), двух лоджий (4, 7 кв. м и 4, 7 кв. м). 
Состояние. Меблированная. На окнах решетки, дверь бронированная, кондиционеры, охранная сигнализация. с й мебелью (включая ортопедические матрацы), европейским текстилем, качественной техникой (все в отличном рабочем состоянии), шелковыми коврами. 
Сантехника – итальянская, на стенах в ванных и туалете – итальянский керамогранит, пол – европейский ламинат. 5лет назад сделали капитальный ремонт: заменили всю проводку, заменили батареи и трубы новая мебель и прочее. торг не значительный при осмотре. обмен НЕ ПРЕДЛОГАТЬ! Просьба, риелторов не беспокоить, не тратьте свое время.",NA,NA
61,https://krisha.kz//a/show/677548427,2,2.0,5.0,,,98.0,,Ерменсай 16,монолитный,,,хорошее,2014,Ремизовка,Алматы,Бостандыкский,,ADSL,лоджия,True,,совмещенный,паркинг,,ламинат,False,3.0,False,True,True,False,False,False,True,False,False,True,False,True,True,True,True,False,False,True,True,True,False,69600000,False,17,False,"Кухня-студия, пластиковые окна, улучшенная, кондиционер, комнаты изолированы, счётчики, тихий двор, встроенная кухня.
Все, как на фото. Мебель и техника остается. от хозяина, без посредников. расположение, экологически чистый район. Рядом детский сад, Есентай мол и все, что нужно для комфортного проживания. Охраняемая территория, паркинг. Просмотр в удобное для вас время. Цена окончательная. Ипотеку рассматриваем",43.13757885,76.92712352226363
62,https://krisha.kz//a/show/675575989,2,4.0,5.0,Пер,,80.0,,Ерменсай,монолитный,7.7,,,2017,Комильфо,Алматы,Бостандыкский,есть возможность подключения,оптика,,False,бронированная,2 с/у и более,паркинг,,ламинат,False,3.0,True,True,False,False,False,True,False,False,False,True,True,True,False,False,True,True,False,True,True,True,False,76000000,False,23,False,"Кондиционер, пластиковые окна, неугловая, улучшенная, встроенная кухня, новая сантехника, счётчики, тихий двор.
! в связи с переездом продаем светлую, просторную, уютную, чистую квартиру в клубном доме комильфо 
 
Предлагается в продажу 2-комнатная квартира в ЖК премиум-класса «комильфо», построенный в предгорной части города, в Ремизовском ущелье. комплекс состоит из трех секций. Западно-европейский архитектурный стиль, который использовали проектировщики для создания уникального внешнего облика дома, нашел отражение в ажурном оформлении балконов и окон, а также в таких элементах французского дизайна, как карнизы и витражи. 
 
Жилой комплекс «комильфо» имеет весьма удачное расположение относительно делового центра города. Также рядом множество торгово-развлекательных центров, спортивных объектов, школ. одно из самых существенных преимуществ - весьма удобный выезд на проспект Аль-Фараби как в восточную, так и в западную сторону. 
В доме предусмотрен двухуровневый подземный паркинг, на придомовой территории будут располагаться детские площадки, зеленые зоны для отдыха. Обслуживанием комплекса занимается собственная служба эксплуатации. 
 
В ЖК «комильфо» предусмотрен максимальный уровень безопасности. В доме установлены современные системы видеонаблюдения и контроля доступа, организована круглосуточная охрана.",43.2368466,76.8953595
63,https://krisha.kz//a/show/679054286,3,9.0,9.0,,,86.0,,Нуркент,монолитный,12.0,50.0,хорошее,2018,,Алматы,Алатауский,есть возможность подключения,проводной,балкон и лоджия,False,металлическая,2 с/у и более,рядом охраняемая стоянка,без мебели,ламинат,False,2.8,False,False,True,True,True,False,False,False,False,True,True,True,True,False,True,False,False,True,True,False,False,38000000,False,17,False,"Пластиковые окна, неугловая, улучшенная, комнаты изолированы, встроенная кухня, счётчики, тихий двор.
Продам квартиру в хорошем месте рядам Халык Арена, детская площадка стадион, Магнум, базар Жибек жол, отличная понарама на горы, детский сад, школа, астановка, все рядом. есть возможность выкупить верхний этаж, подпенхауз или спорт зал, мастерскую, офис много пустых помещений",43.29321515,76.8297154423357
64,https://krisha.kz//a/show/678941453,2,8.0,18.0,Брусиловского,167,63.0,,,монолитный,,,хорошее,2012,Алтын Булак,Алматы,Алмалинский,,оптика,лоджия,True,металлическая,совмещенный,паркинг,полностью,ламинат,False,2.8,False,True,True,False,False,True,False,False,False,True,True,True,False,False,True,True,True,True,True,True,False,44000000,False,10,False,"Пластиковые окна, неугловая, улучшенная, встроенная кухня, новая сантехника, кладовка, счётчики, тихий двор, кондиционер.
Пластиковые окна, кондиционер. 
квартира в хорошем состоянии, рядом метро, магазины, всё в шаговой доступности. торг уместен в разумных пределах. Продаём с мебелью, дом чистый Риэлторов просьба не беспокоить.",43.24142515,76.87677802184507
65,https://krisha.kz//a/show/678091426,2,2.0,5.0,Есенова,9,62.0,,,панельный,8.0,,хорошее,1987,,Алматы,Медеуский,отдельный,,,True,,раздельный,рядом охраняемая стоянка,,,False,2.9,False,False,True,False,False,False,False,False,False,True,True,False,True,False,True,False,True,False,True,True,False,40000000,False,9,False,"Кондиционер, пластиковые окна, неугловая, комнаты изолированы, встроенная кухня, кладовка, тихий двор.
Частично мебелированная",43.265955500000004,76.9543882
66,https://krisha.kz//a/show/678914471,2,3.0,9.0,Райымбека,245Б,56.7,проспект Райымбека,,монолитный,13.6,,,2006,Максима на Райымбека,Алматы,Жетысуский,отдельный,ADSL,балкон,True,металлическая,раздельный,паркинг,,ламинат,False,2.7,False,False,True,False,False,True,False,False,False,True,True,True,True,False,False,False,False,True,True,True,False,38000000,False,14,False,"Кондиционер, пластиковые окна, неугловая, улучшенная, комнаты изолированы, счётчики, тихий двор.
Продам уютную, светлую квартиру, отличное месторасположение, вся инфраструктура находится в шаговой доступности. Рядом магазины, мечеть, школы, детсады, аптеки, рынок ""Саудакент"", ТРЦ ""Максима"". Во дворе современная детская площадка, футбольное поле, большая парковка. Торг уместен.",NA,NA
67,https://krisha.kz//a/show/679312620,1,5.0,5.0,,,40.0,,Саялы 133,монолитный,13.0,17.5,хорошее,2018,,Алматы,Алатауский,отдельный,ADSL,балкон,False,металлическая,совмещенный,рядом охраняемая стоянка,без мебели,линолеум,False,,False,False,True,False,False,False,False,False,False,True,True,True,False,False,True,True,False,True,False,True,False,20300000,False,7,False,"Пластиковые окна, неугловая, улучшенная, встроенная кухня, новая сантехника, счётчики, кондиционер.
Продам квартиру в перспективном районе Города по самой выгодной цене, рядом есть всё что необходимо для комфортного проживания, различные магазины, две школы, дет сад, автобусы ездят до поздна, так же рядом расположен Авто Цон. С документами полный порядок в ипотеку проходит звоните приезжайте смотрите.",43.29321515,76.8297154423357
68,https://krisha.kz//a/show/673738915,1,2.0,9.0,Сейфуллина,51,45.6,,,монолитный,,,,2021,Теремки,Алматы,Турксибский,,,,False,металлическая,,паркинг,,,False,2.7,False,False,False,False,False,False,False,False,False,True,True,False,False,True,False,False,False,False,True,False,False,21300000,True,13,False,"Пластиковые окна, неугловая, кухня-студия, тихий двор.
1-комн. квартира свободной планировки. Распологается вдоль важной улицы Сейфуллина с большой доступностью транспортных средств во стороны города и центру. Развивающаяся перспективный район. Рядом поликлиника, школа, детсады, магазины и торговые центры. Рядом крупный ж/д Алматы-1, Аэропорт, Большой рынок Кенжехан, Ялян и т.д. Удобный 2-этаж, комфортная свободная планировка под свой вкус, вид с квартиры на внутренний благоустроенный двор, а так же большой балкон 6м2 которую можно включит в жил. площадь (перестроит витражами и перегородками). Для осмотра квартиры, адрес: ЖК Теремки, Сейфуллина 51, корпус 5, кв 9.",43.326947950000005,76.93914434999999
69,https://krisha.kz//a/show/678764349,1,3.0,5.0,,,45.0,,Саялы,,,,,2017,,Алматы,Алатауский,,,,False,,,,,,False,,False,False,False,False,False,False,False,False,False,True,True,True,True,True,True,True,True,True,True,True,True,22000000,True,8,False,"Срочно продается однокомнатная квартира, средний этаж, серые дома, находится в очень удобном месте, лучшее расположение дома, окна выходят во двор, двор тихий, детские игровые площадки, для взрослых есть во дворе беседка, аллея для отдыха, прогулок. Инфраструктура хорошо развита, в шаговой доступности имеется несколько крупных садиков и школ, Автоцон, поликлиника, стомотология, аптеки, кафе, автобусы 57, 122, 48. Подьезд просторный, чистый, соседи дружелюбные. Все удобства для комфортного проживания. Можно в ипотеку через отбасыбанк. Звоните в любое время!",43.29321515,76.8297154423357
70,https://krisha.kz//a/show/679077330,2,11.0,13.0,Кабдолова,14,55.0,,,монолитный,9.0,,,2021,Grand Town,Алматы,Ауэзовский,,,,False,,,,,,False,2.8,False,False,False,False,False,False,False,False,False,True,True,True,True,True,True,True,True,True,True,True,True,44500000,False,17,False,"Продаётся 2 комнатная квартира, после свежего ремонта. Только заезжай и живи, Квартира в новом жилом комплексе. В шаговой доступности ТРЦ Grand Park, Армада. В 10 минутах ходьбы рынок Сарыарка, парк Family, так же ТРЦ Москва и станция метро Москва, Автовокзал Сайран. Рядом вся инфраструктура: поликлиника, школы, колледж, Нархоз университет, магазины и супермаркеты.",43.2369657,76.8538584
71,https://krisha.kz//a/show/50215444,3,2.0,8.0,Достык,,98.9,Шевченко,,кирпичный,11.0,,хорошее,1971,,Алматы,Медеуский,отдельный,оптика,балкон и лоджия,True,бронированная,раздельный,,полностью,ламинат,False,2.7,False,False,True,False,True,False,False,False,False,True,True,True,True,False,True,True,False,True,True,False,False,63500000,False,8,False,"Пластиковые окна, неугловая, улучшенная, комнаты изолированы, встроенная кухня, новая сантехника, счётчики, тихий двор.
Квартира чистая, светлая, просторная. Был сделан ремонт. Прекрасный вид из окна на горы и на пр. Достык (высокий этаж). Вокруг дома парки, скверы, рядом 2 школы, магазин Магнум! Пластиковые окна, все комнаты изолированы. квартира очень теплая. Лоджия утепленная, спальня, отдельно детская с игровой комнатой, просторный зал (28 кв. м)., срочно, торг. Риелторам и маклерам просьба не звонить и не беспокоить!",43.2466006,76.9564533
72,https://krisha.kz//a/show/678448379,3,6.0,9.0,,,70.0,Саина Улугбека,Аксай-4 96,панельный,9.0,,хорошее,1987,,Алматы,Ауэзовский,,,,False,,,,,,False,,False,False,False,False,False,False,False,False,False,True,True,True,True,True,True,True,True,True,True,True,True,55000000,False,16,False,"Продаётся 3х комнатная квартира с евро ремонтом, ремонт делали для себя, часть мебели остаётся в квартире, рядом имеется все нужно для полного комфорта жить, базар, банки, школы, дет сады, за квартиру не стыдно, все делалось из дорогих материалов, так как делали все для себя! Квартира чистая уютная юридически ровная, в доме в основном живут хозяева территория чистая совершенно новый лифт дружелюбные соседи рядом есть крытая Стоянка охраняемая возможно продажа через ипотеку! Торг уместен",NA,NA
73,https://krisha.kz//a/show/679552431,1,3.0,10.0,Мкр,,51.92,,Шугыла,монолитный,,,черновая отделка,2022,Alem City,Алматы,Наурызбайский,,,балкон,True,металлическая,,паркинг,без мебели,,False,2.9,False,False,False,False,False,False,False,False,False,True,True,True,True,True,True,True,True,True,True,True,True,25500000,False,2,False,"Продам квартиру в черновой отделке по переуступке за наличный расчет. ЖК Alem City, застройщик QazaqStroy, сдача в эксплуатацию в октябре 2022г, техпаспорт готов, договор на передачу и выдача ключей ожидается в конце октября, можно еще успеть оформить по переуступке до конца месяца. 
52.кв, свободной планировки, евродвушка. 
расположение идеальное, окна выходят на восток, блок 24, не угловая, не в залоге. Выбирали для себя. Очень удобное расположение в административном центре Наурызбайского района. 3 этаж. Рядом Алем Парк, станция метро ""Калкаман"" 1, 5 км. школа, дет. сад все в шаговой доступности. Также рядом Акимат 200 м. и Прокуратура 150 м. (гарантия безопасности), остановка 150 м.",43.180806649999994,76.8310189912559
74,https://krisha.kz//a/show/679526660,2,14.0,16.0,Навои,,61.0,,,монолитный,,,,2017,Науаи,,,,ADSL,,False,бронированная,,паркинг,,паркет,False,3.0,False,True,True,True,True,False,False,False,True,True,True,True,False,True,True,True,False,False,False,False,False,53000000,False,4,False,"Пластиковые окна, неугловая, улучшенная, кухня-студия, встроенная кухня, новая сантехника.
Уютную квартиру в скандинавском стиле в ЖК Науаи 2017 года (Навои 37), свежий воздух, роза ветров. Шикарный панорамный вид на город и горы. Удобное расположение, Мега центр, аптеки, супермаркеты, школы, университеты, все в шаговой доступности. Панорамные окна, комнаты выходят на две стороны, большая гардеробная, красивый двор с садом, комфортабельная площадка. Полностью с мебелью и техникой. Возможен обмен на 1-комн. в ЖК с доплатой.",NA,NA
75,https://krisha.kz//a/show/679225373,2,12.0,20.0,Абая,164/8,65.4,Туркебаева,,монолитный,16.0,,черновая отделка,2022,Terracotta,Алматы,Бостандыкский,,,лоджия,True,бронированная,совмещенный,,,,False,3.0,False,False,False,False,False,False,False,False,False,True,True,True,True,True,True,True,True,True,True,True,True,40000000,False,9,False,"Свободная планировка, панорамные окна, большая лоджия, высота потолков 3.10, в шаговой доступности школы, детские сады, АДК, станция метро САЙРАН. Ипотеку рассматриваю",NA,NA
76,https://krisha.kz//a/show/671296198,3,1.0,5.0,,,75.0,,Жулдыз-2,панельный,,,хорошее,1993,,Алматы,Турксибский,отдельный,,,False,бронированная,раздельный,рядом охраняемая стоянка,частично,,False,2.7,True,False,False,False,False,False,False,False,False,True,True,True,True,False,True,True,True,True,False,False,False,33500000,False,9,False,"Пластиковые окна, неугловая, улучшенная, комнаты изолированы, встроенная кухня, новая сантехника, кладовка, счётчики.
З-комнатная квартира, в хорошем, спокойном районе. Рядом поликлиника, школа, магазин ""магнум"". десткая площадка. новый спорткомлекс с бассейном. Частично мебелированная:Кухня в стиле прованс( превосходный дизайн, один шкаф с матовым стеклом, патина) спал. гарнитур (черный), стенка, мягкая мебель, люстры, встроенная газ. и элект. плиты, телевизор, холодильник, квартира уютная, летом- прохлодно, зимой-тепло. Пол -в коридоре, кухне, ванная, туалет- плитка. Без посредников. Разумный торг.",43.3483333,76.98495718844501
77,https://krisha.kz//a/show/679373016,4,3.0,5.0,,,82.5,Шаляпина Саина,Мамыр-2,панельный,10.6,,хорошее,1992,,Алматы,Ауэзовский,отдельный,,несколько балконов или лоджий,True,металлическая,раздельный,,,ламинат,False,2.8,False,False,False,False,False,False,False,False,False,True,True,True,True,True,True,True,True,True,True,True,True,49000000,False,11,False,"Встроенная кухня 
встроенные шкафы на балконе 
в кладовке встроенные полки",NA,NA
78,https://krisha.kz//a/show/678833152,1,2.0,5.0,,,38.0,Толе би,Аксай-1А,кирпичный,7.0,,хорошее,2008,,Алматы,Ауэзовский,,,,False,,,рядом охраняемая стоянка,,ламинат,False,2.7,False,True,True,False,False,True,False,False,False,True,False,False,True,False,True,False,False,True,True,True,False,22500000,False,14,False,"Кондиционер, пластиковые окна, комнаты изолированы, встроенная кухня, счётчики, тихий двор.
Квартира состояние как на фото, для сдачи в аренду отлично будет. 
в случае проживания самим, то потребуется косметический ремонт. 
с риелторами не работаю! 
зимой тёплая квартира, летом не солнечная сторона. 
В настоящее время квартира сдаётся. 
ТОРГА НЕТ И НЕ БУДЕТ! 
Рассмотрю ВСЕ ВАРИАНТЫ ПРОДАЖИ!",NA,NA
79,https://krisha.kz//a/show/676077878,3,9.0,9.0,Райымбека,243а,75.4,,,монолитный,12.0,,хорошее,2005,Максима на Райымбека,Алматы,Жетысуский,отдельный,ADSL,лоджия,True,металлическая,раздельный,паркинг,,,False,3.0,False,False,False,False,False,False,False,False,False,True,True,True,True,True,True,True,True,True,True,True,True,43000000,False,9,False,"Рядом школа, удобная транспортная развязка, хороший вид из окна на город, рядом находится ТРЦ Максима, Магнум и магазин прям под домом",43.265128950000005,76.90035410000002
80,https://krisha.kz//a/show/678804567,3,7.0,8.0,Достык,36,110.0,Карасай батыра,,панельный,,,хорошее,1971,,Алматы,Медеуский,,,лоджия,True,металлическая,совмещенный,рядом охраняемая стоянка,,паркет,False,2.85,False,False,False,False,False,False,False,False,False,True,True,True,True,True,True,True,True,True,True,True,True,93000000,False,19,False,"Квартира находиться в сердце южной столицы, центре города (золотой квадрат). Большая квартира с новым ремонтом. в шаговой доступности: школы, детские сады, очень много магазинов, парк, аптеки и т.д. 
во дворе есть 3 детские площадки и парковка. заезд во двор осуществляется через шлагбаум, соответсвенно парковку не будут занимать чужие люди. Окна в квартире выходят, как на сторону двора, так и на сторону улицы достык. Квартира в идеальном состоянии с техникой и мебелью, как говорится «заезжай и живи» 
1) тихий район 
2) квартира находиться в центре города 
3) квартира достаточно большая 110кв/м 
4) кирпичный дом, а значит звукоизоляция на высшем уровне 
5) новый лифт, соответсвенно, подойдёт и для молодого и для старшего поколения. без никаких трудностей 
6) большое панорамные окна с отличным видом на город",NA,NA
81,https://krisha.kz//a/show/678066064,2,5.0,10.0,Шаляпина,22/2,90.0,Алтынсарина,,монолитный,50.0,40.0,хорошее,2017,Park House,Алматы,Ауэзовский,,через TV кабель,балкон и лоджия,True,бронированная,совмещенный,паркинг,полностью,паркет,False,3.0,False,True,True,False,True,False,True,True,False,False,False,False,False,True,False,True,False,False,False,True,False,58500000,False,20,False,"Кухня-студия, новая сантехника, кондиционер.
Евроремонт. Кухня-студия. 
Шикарная-квартира. Район-акимата. 
Рядом-т. д-МОСКВА. 
МЕТРО. 
 ДВОР-ПОЛНОСТЬЮ-ОГОРОЖЕН",NA,NA
82,https://krisha.kz//a/show/676635433,2,1.0,2.0,,,45.5,Кунаева,Таусамалы 26,кирпичный,6.5,,хорошее,1977,,Алматы,Наурызбайский,,,,False,,,,,,False,,False,False,False,False,False,False,False,False,False,True,True,True,True,True,True,True,True,True,True,True,True,24000000,False,18,False,"Квартира с собственным ПАркОВОЧНЫМ МЕСТОМ на 2 машины! Двор, под парковочное место, полностью выложен брусчаткой. Также есть место для палисадника. 
 
Продам 2х комнатную квартиру с перепланировкой: 2 комнаты, совмещённый санузел, кухня с барной стойкой, прихожая и пространство под гардеробную. Квартира свежая, ремонт был сделан год назад. 
 
Имеется 2 входные двери: дверь-подъезд, дверь-улица. Была перепланировка с однокомнатной квартиры, пристроена 1 комната и прихожая. Все документы оформлены и узаконены! 
 
В квартире установлен собственный газовый котёл (не зависите от центрального отопления) + бойлер и тёплый пол. Квартира продаётся БЕЗ мебели! 
 
Двор тихий, не проездной. От ближайшей автобусной остановки 2 минуты. Новая детская площадка. Рядом вся инфраструктура: 2 детских садика и 2 школы (рус\каз), поликлиника, магазины, аптеки. 
Реальному покупателю - торг !",43.1917692,76.829615
83,https://krisha.kz//a/show/679267957,3,4.0,5.0,Исаева,55,83.9,Между Казыбек би и Толе би,,кирпичный,10.0,,хорошее,1971,,Алматы,Алмалинский,,,балкон,False,бронированная,раздельный,,,ламинат,False,2.8,False,False,False,False,False,False,False,False,False,True,True,True,True,True,True,True,True,True,True,True,True,64000000,False,14,False,"Представляем вашему вниманию квартиру в кирпичном доме, в тихом районе, в то же время развитая инфраструктура, рядом много детских садов и школ. 
С ремонтом и встроенной кухней.",NA,NA
84,https://krisha.kz//a/show/671234574,1,2.0,3.0,Аксункар,,35.0,,,кирпичный,10.0,11.0,хорошее,2020,,Алматы,Алатауский,есть возможность подключения,проводной,,False,металлическая,совмещенный,,полностью,,False,2.8,False,False,True,True,False,True,False,False,False,True,False,True,False,False,True,True,False,True,True,False,False,18600000,False,9,False,"Пластиковые окна, тихий двор, улучшенная, встроенная кухня, новая сантехника, счётчики.
Срочно! 
продается новая квартира, как для собственного проживания, так и для сдачи в аренду, с огороженным участком, с местами для парковки машин, с детской площадкой. Тихое и комфортное расположение дома. Имеется автомобильная развязка по улице Рыскулова Емцова (Петрова). 
Встроенная кухня, сантехника, ремонт, полностью меблирована. ГОСТ акт на землю на 2 сотки земли. 
Успейте приобрести! только за нал. торг уместен.",43.267209,76.856975
85,https://krisha.kz//a/show/679061905,1,7.0,9.0,,,40.0,Тлендиева,Тастак-2 257,панельный,9.0,,хорошее,1988,,Алматы,Алмалинский,есть возможность подключения,проводной,,False,бронированная,совмещенный,,,линолеум,False,2.8,True,False,True,False,False,False,True,False,False,True,True,True,False,False,True,True,True,True,True,False,False,28500000,False,6,False,"Неугловая, встроенная кухня, новая сантехника, кладовка, тихий двор, пластиковые окна, счётчики, улучшенная.
Квартира чистая, светлая с ремонтом.",43.2490637,76.8719502
86,https://krisha.kz//a/show/676974506,1,4.0,5.0,,,39.0,,Зердели,монолитный,11.0,17.2,хорошее,2011,,Алматы,Алатауский,,,балкон,True,бронированная,совмещенный,,частично,линолеум,False,2.7,False,False,True,False,False,False,False,False,False,True,True,False,False,False,False,True,False,True,True,True,False,39000000,False,31,False,"Кондиционер, пластиковые окна, неугловая, новая сантехника, счётчики, тихий двор.
Тихий и зелёный район, очень хорошо продувается, так как находится на возвышенности, всегда свежий воздух, город видно как на ладони, очень красивый вид из окон на город и горы. Есть скверы и аллеи для прогулок, около дома много детских площадок, тренажёров, большой стадион, магазины, детские сады, школа, поликлиника. Дом от хорошего застройщика, безопасный (осенью 2012 выдержал сильное землетрясение). Возле подъезда посажены ёлочки и туи. Удобная парковка под окнами, автобусные остановки близко. Квартира просторная, светлая, уютная, очень тёплая (зимой можно ходить в летней одежде), отопление регулируется больше-меньше. Балкон застеклён и хорошо утеплёп (стены, пол и потолок), по бокам большие вместительные шкафы от пола до потолка, проведено освещение с двух сторон, снаружи капитально (сверху и снизу) отделан сайдингом, на всех окнах москитные сетки. В квартире есть: мощный кондиционер Samsung, в кухне комбинированная газ. плита Bosch, духовка электрическая, внутри вентиляция для равномерного запекания, оборудована газконтролем против утечки газа, решётки на плите чугунные, плоские, не скользские, в кухне газовый счётчик. В ванной: сантехника заменена на новую, большая качественная чугунная ванна (производство Россия), бойлер на 100 литров (когда весной и осенью идёт профилактическое отключение горячей воды по городу или району, то в квартире проблем с горячей водой вообще нет), возле унитаза отдельно проведён гигиенический душ. Входная дверь бронированная (производство по российской технологии, толстая сталь). В квартире остаются почти вся мебель и ковры.",43.29321515,76.8297154423357
87,https://krisha.kz//a/show/679273457,3,1.0,9.0,,,80.0,,Тастак-2 20,панельный,11.0,,хорошее,1986,,Алматы,Алмалинский,,,,False,металлическая,совмещенный,,,,False,3.0,True,False,True,False,False,True,False,False,False,True,True,False,False,False,False,False,False,True,False,False,False,39800000,False,7,False,"Пластиковые окна, неугловая, счётчики.
Продается квартира, с освеженным ремонтом. Установлены новые двери, постелены полы. Имеются счётчики воды и электричества.",43.25195555,76.90568243744397
88,https://krisha.kz//a/show/678942995,1,6.0,9.0,,,40.0,Достык,Самал-3 10,панельный,8.0,,,1987,,Алматы,Медеуский,,,,False,,,,,,False,,False,False,False,False,False,False,False,False,False,True,True,True,True,True,True,True,True,True,True,True,True,35000000,False,4,False,Квартира в хорошем состоянии окна во двор есть гардеробная кухня увеличина,43.2441482,76.95124026216413
89,https://krisha.kz//a/show/675304599,1,3.0,9.0,,,47.49,Абай,Шугыла,монолитный,,,,2022,Alma City,Алматы,Наурызбайский,,,,False,,,,,,False,,False,False,False,False,False,False,False,False,True,True,True,True,True,True,True,True,True,True,True,True,True,21500000,False,5,False,"Продам квартиру, за наличный расчёт. однокомнатную улучшенную, свободная планировка. Алма-сити 5/2 ключи на руках, можно начинать ремонт по праву переуступки.",43.2092917,76.8123727
90,https://krisha.kz//a/show/679616711,2,2.0,5.0,Сейфуллина,452/3,42.6,Центр города,,панельный,8.0,,хорошее,1975,,Алматы,Алмалинский,есть возможность подключения,оптика,балкон,True,металлическая,совмещенный,рядом охраняемая стоянка,,линолеум,False,,True,False,True,False,False,False,False,False,False,True,True,True,True,False,False,True,False,False,True,True,False,37000000,False,5,False,"Кондиционер, пластиковые окна, неугловая, улучшенная, комнаты изолированы, новая сантехника, тихий двор.
Срочно торг, наличный расчет, полностью мебелирована, в хорошем районе с развитой инфраструктурой, тихий двор. холодильник, кондиционер, стиральная машина, мебель",NA,NA
91,https://krisha.kz//a/show/678804425,3,3.0,5.0,проспект Достык,,110.0,Богенбай батыра,,кирпичный,10.0,,среднее,1973,,Алматы,Медеуский,,оптика,лоджия,False,металлическая,раздельный,рядом охраняемая стоянка,,паркет,False,2.8,False,False,False,False,False,False,False,False,False,True,True,True,True,True,True,True,True,True,True,True,True,71000000,False,13,False,"📌Выставляется на продажу 3-х комнатная квартира, бывшая 4-х комнатная, расположенная в самом сердце Золотого квадрата. Преимущества: ✅ Общая площадь 110 метров ✅ Площадь гостиной 44 метра ✅ Малоквартирный дом, две квартиры на площадке ✅ Средний, удобный этаж ✅ Высокий уровень звукоизоляции ✅ Тёплая квартира ✅ Большой зелёный двор с современной детской и баскетбольной площадками ✅ Удобный заезд во двор и достаточное количество парковочных мест ✅ Развитая инфраструктура, близость ко всем необходимым для комфортной жизни объектам. Квартира очень светлая, расположение окон: запад-восток. Является идеальным объектом для воплощения в жизнь собственных идей, связанных с дизайном и ремонтом. В шаговой доступности находятся: гимназии, детские сады, отделения банков, супермаркеты, аптеки, кафе и рестораны, парки, Зелёный базар, Арбат, Театры и Филармонии. Отличная транспортная доступность и Безопасность проживания -неотъемлемые бонусы данной локации. Разумный торг уместен.",43.2532494,76.9555945
92,https://krisha.kz//a/show/675445004,4,5.0,8.0,проспект Абая,,95.0,Тлендиева,,кирпичный,12.0,55.0,хорошее,1988,,Алматы,Бостандыкский,есть возможность подключения,оптика,несколько балконов или лоджий,True,металлическая,раздельный,рядом охраняемая стоянка,частично,ламинат,False,2.8,False,False,True,True,False,False,False,False,False,True,True,True,True,False,False,False,True,True,True,True,False,68000000,False,13,False,"Пластиковые окна, неугловая, улучшенная, комнаты изолированы, кладовка, счётчики, тихий двор, кондиционер.
Рядом станция метро, ТРЦ Адк, школа-гимназия. Возможен торг.",NA,NA
93,https://krisha.kz//a/show/679250713,3,1.0,3.0,Мади,1в,84.0,,,монолитный,,,,2022,Hayat Park,Алматы,Бостандыкский,,,,False,,2 с/у и более,паркинг,,,False,3.3,False,False,False,False,False,False,False,False,False,True,True,True,True,True,True,True,True,True,True,True,True,75000000,False,12,False,"Важные преимущества данной квартиры: 
 
1. Удачный вариант расположения квартиры (12-й блок, северо-западный угол ЖК, где будет глухой закрытый забором угол, и закрытые ворота для экстренных случаев, получается окна не смотрят во двор, где будет шум, а смотрят на угол территории, где будет тишина и покой) - это позволит пользоваться территорией в углу ЖК на которую никто не претендует - в будущем можно организовать там террасу, игровую зону для детей и т.д. 
 
2. В квартире 5 окон поэтому вариантов планировки множество. От просторной 2 комнатной, до 4 комнатной. Варианты можете посмотреть на фото, либо придумать свой вариант. 
 
3. Чистейший воздух (ЖК расположен на территории бывшего санатория), но при этом развитая инфраструктура (1 минута до Аль-Фараби, вокруг школы, сады, магазины, базары и т.д. ) и расположение в деловой части города - это начало Баганашыла. 
 
4. Самый стильный и красивый ЖК в этом районе, более подробно о нем можете посмотреть на сайте 
 
5. Панорамные окна от пола до потолка, высоченные потолки 3, 3 метра! Это уже уровень класса Элит! 
 
6. Комплекс готов на 95%, сдача декабрь 2022! 
 
Прекрасная инвестиция! Через 2 месяца сразу после ввода в эксплуатацию цена взлетит! Срочно! Без торга!",NA,NA
94,https://krisha.kz//a/show/679325682,2,14.0,16.0,Абая,,46.0,,,монолитный,,,,2022,Legenda,Алматы,Алмалинский,,,,False,,,,,,False,3.0,False,False,False,False,False,False,False,False,False,True,True,True,True,True,True,True,True,True,True,True,True,68700000,False,17,False,"Продается уютная и светлая квартира «евродвушка» с дизайнерским ремонтом в стиле «японский минимализм» выполненный с применением качественных и современных материалов. 
В квартире уставлено все необходимое для комфортной жизни: встроенный холодильник, посудомойка, кондиционер, стиральная и сушильная машины, телевизор, сантехника и смесители немецкого бренда Grohe. 
Окна выходят на восток с прекрасной панорамой как на город так и горы. 
Стоимость квартиры соответствует состоянию.",43.239264,76.8898009
95,https://krisha.kz//a/show/675828598,1,5.0,5.0,Шолохова,,34.0,Толстого,,кирпичный,7.0,,хорошее,1997,,Алматы,Турксибский,,,балкон,True,металлическая,совмещенный,рядом охраняемая стоянка,,ламинат,False,2.7,False,False,False,False,False,False,False,False,False,True,True,True,False,False,False,True,False,True,True,False,False,23500000,False,21,False,"Пластиковые окна, неугловая, улучшенная, новая сантехника, счётчики, тихий двор.
Просторную однокомнатную квартиру в тихом и спокойном доме. 
Свежий ремонт, электрика, сантехника, качественные пластиковые окна, балкон утеплен и застеклен, новые счетчики. 
Благоустроенный район, все в шаговой доступности. 
Реальному покупателю торг.",NA,NA
96,https://krisha.kz//a/show/56755092,3,11.0,25.0,Каблукова,270,100.0,,,монолитный,16.0,60.0,,2008,Mega Tower Almaty,Алматы,Бостандыкский,,,,False,,,,,,False,,False,False,False,False,False,False,False,False,False,True,True,True,True,True,True,True,True,True,True,True,True,109000000,False,13,False,"Элитная квартира! С эксклюзивным авторским дизайном, французская и немецкая сантехника, чешская кухня (KORYNA), элитная бытовая техника AEG, BOSCH, только испанский и итальянский кафель. Новые немецкие окна REHAU. Израильская входная дверь сейфового типа. Две сплит-системы. Программируемые швецкие теплые полы DEVI во всех кафельных зонах. Четыре телевизора включая ванную комнату. Полностью мебелирована и обставлена. Ремонт закончен прошлым летом. Два балкона и гардеробная. Без посредников! Я - первый собственник с 2008 года. Проблем с документами и обременений нет. Торг небольшой!",43.2114744,76.8885545
97,https://krisha.kz//a/show/678312758,2,7.0,9.0,,,53.3,,Нуркент,монолитный,12.5,,хорошее,2017,,Алматы,Алатауский,,,балкон,False,,совмещенный,,,,False,2.5,False,False,False,False,False,False,False,False,False,True,True,True,True,True,True,True,True,True,True,True,True,34500000,False,10,False,,43.29321515,76.8297154423357
98,https://krisha.kz//a/show/678942990,1,9.0,10.0,Мкр Аксай,,45.0,,,монолитный,,,,2020,Уш Сункар,Алматы,Ауэзовский,,,,False,,,,,,False,2.8,False,False,False,False,False,False,False,False,False,True,True,True,True,True,True,True,True,True,True,True,True,33000000,False,14,False,Свежий ремонт. Вся мебель остаётся.,43.2351654,76.8312424
99,https://krisha.kz//a/show/675543577,2,11.0,19.0,Брусиловского,167,69.6,Шакарима,,монолитный,5.9,41.0,хорошее,2012,,Алматы,Алмалинский,отдельный,через TV кабель,лоджия,False,металлическая,совмещенный,паркинг,полностью,ламинат,False,2.8,True,True,True,False,False,False,False,False,False,True,True,True,False,False,False,False,True,True,True,True,False,48000000,False,22,False,"Пластиковые окна, неугловая, улучшенная, кладовка, счётчики, тихий двор, кондиционер.
Продам 2-комнатную квартиру в ЖК «Алтын Булак-2» в г. Алматы. Являемся первыми владельцами данной недвижимости. Дом в ацию в 2012 году, ранее квартира не перепродавалась и не сдавалась. Жилой комплекс полностью огорожен и находится под охраной, въезд только через шлагбаум, дом оснащён видеокамерами, включен в программу безопасный город. Во дворе расположены несколько игровых спортивных и детских площадок, так же двор озеленен и насажены ели, а в клумбах цветы. Перед подъездами установлены несколько беседок. В подъезде установлены бесшумные, скоростные лифты фирмы «SIGMA». На площадке от 3-до 5-ти квартир. 
В квартире произведен очень красивый и качественный ремонт, из дорогостоящей сантехники также качественных строительных материалов. квартира полностью мебелирована (прихожая, шкафы для сан. узла, кухонный гарнитур, мягкая мебель, спальный гарнитур и т.д. ), а так же присутствует вся бытовая техника фирмы “Samsung” (стиральная машина, двухкамерный холодильник с диспенсером, духовой шкаф, микроволновая печь, вытяжка над варочной поверхностью) варочная поверхность фирмы «Bosсh». С учетом в квартире установлены два кондиционера. Установлены качественные армированные пластиковые окна, со сложным открыванием. В окнах дополнительно смонтированы защитные ограждения для безопасности детей. На утепленном балконе есть оборудованная рабочая зона (рабочий стол, шкаф, тумбочка), которая послужит отличным рабочим местом для вас и ваших детей, также имеется встроенный книжный шкаф-купе. Плюс отдельная кладовка, куда вам будет удобно складывать автошины, велосипед и любые другие вещи. квартира телефонизирована, есть высокоскоростной интернет и кабельное тв. 
В ЖК предусмотрен двухэтажный паркинг, что удобен для парковки транспорта. 
Район очень с хорошей транспортной и коммуникационной развязкой. несколько дошкольных и школьных образовательных центров, аптеки, супермаркеты и торговых центров и т.д. квартира юридически чистая, незаложенная, на руках",NA,NA
