uri,room_count,floor,max_floor,street,house_number,general_area,intersection,microdistrict,building_type,kitchen_area,living_area,condition,build_year,residential_complex,city,district,telephone,internet,balcony,is_balcony_glazed,door,bathroom,parking,furniture,floor_type,former_hostel,ceiling_height,bars_on_the_window,security,entry_phone,code_lock,alarm,video_security,video_entry_phone,concierge,exchange_possible,plastic_windows,non_angular,improved,rooms_isolated,studio_kitchen,kitchen_builtin,new_plumbing,pantry,counters,quiet_courtyard,air_conditioning,commercial_convenient,price,mortgaged,images_count,private_hostel,text
https://krisha.kz//a/show/679080428,1,1,13,–ö–∞–±–¥–æ–ª–æ–≤–∞,14,35.0,nan,nan,–º–æ–Ω–æ–ª–∏—Ç–Ω—ã–π,10.89,nan,—Ö–æ—Ä–æ—à–µ–µ,2021,Grand Town,–ê–ª–º–∞—Ç—ã,–ê—É—ç–∑–æ–≤—Å–∫–∏–π,–µ—Å—Ç—å –≤–æ–∑–º–æ–∂–Ω–æ—Å—Ç—å –ø–æ–¥–∫–ª—é—á–µ–Ω–∏—è,ADSL,–ª–æ–¥–∂–∏—è,True,–º–µ—Ç–∞–ª–ª–∏—á–µ—Å–∫–∞—è,—Å–æ–≤–º–µ—â–µ–Ω–Ω—ã–π,–ø–∞—Ä–∫–∏–Ω–≥,nan,–ª–∞–º–∏–Ω–∞—Ç,False,2.8,False,False,True,True,True,True,True,False,False,True,True,True,True,False,False,True,False,True,True,False,False,31500000,False,16,False,"–ü–ª–∞—Å—Ç–∏–∫–æ–≤—ã–µ –æ–∫–Ω–∞, –Ω–µ—É–≥–ª–æ–≤–∞—è, —É–ª—É—á—à–µ–Ω–Ω–∞—è, –∫–æ–º–Ω–∞—Ç—ã –∏–∑–æ–ª–∏—Ä–æ–≤–∞–Ω—ã, –Ω–æ–≤–∞—è —Å–∞–Ω—Ç–µ—Ö–Ω–∏–∫–∞, —Å—á—ë—Ç—á–∏–∫–∏, —Ç–∏—Ö–∏–π –¥–≤–æ—Ä.
–ü—Ä–æ–¥–∞–µ—Ç—Å—è 1-–∫–æ–º–Ω–∞—Ç–Ω–∞—è –∫–≤–∞—Ä—Ç–∏—Ä–∞ 
–í –∫–≤–∞—Ä—Ç–∏—Ä–µ –∑–∏–º–æ–π –Ω–µ —Ö–æ–ª–æ–¥–Ω–æ, –ü–æ–±–ª–∏–∑–æ—Å—Ç–∏ —Ä–∞—Å–ø–æ–ª–æ–∂–µ–Ω—ã: Grand Park, –º–∞–≥–∞–∑–∏–Ω—ã, –±–∏–∑–Ω–µ—Å-—Ü–µ–Ω—Ç—Ä—ã, —Å—É–ø–µ—Ä–º–∞—Ä–∫–µ—Ç—ã, –∞–≤—Ç–æ—Å–µ—Ä–≤–∏—Å—ã, –∫–∞—Ñ–µ, –∫–æ—Ñ–µ–π–Ω–∏, –∞–ø—Ç–µ–∫–∏, –∫–ª–∏–Ω–∏–∫–∏ –∏ –º–Ω–æ–≥–æ–µ –¥—Ä—É–≥–æ–µ. 
 
–≤ —Ä–∞–¥–∏—É—Å–µ –∫–∏–ª–æ–º–µ—Ç—Ä–∞ –Ω–∞—Ö–æ–¥—è—Ç—Å—è: 
 
–æ–±—â–µ–æ–±—Ä–∞–∑–æ–≤–∞—Ç–µ–ª—å–Ω–∞—è —à–∫–æ–ª–∞ ‚Ññ104, ‚Ññ997 
 
–ì–∏–º–Ω–∞–∑–∏—è ‚Ññ111 
 
–Ø—Å–ª–∏-—Å–∞–¥ ‚Ññ 24, ‚Ññ925 –ß–∞—Å—Ç–Ω–∞—è –Ω–∞—á–∞–ª—å–Ω–∞—è —à–∫–æ–ª–∞. 
 
–ú–Ω–æ–∂–µ—Å—Ç–≤–æ —Å–ø–æ—Ä—Ç–∏–≤–Ω—ã—Ö –∏ —Ä–∞–∑–≤–∏–≤–∞—é—â–∏—Ö —Å–µ–∫—Ü–∏–π –¥–ª—è –≤–∞—à–∏—Ö –¥–µ—Ç–µ–π. 
 
–ë–ª–∏–∂–∞–π—à–∞—è –æ—Å—Ç–∞–Ω–æ–≤–∫–∞ –æ–±—â–µ—Å—Ç–≤–µ–Ω–Ω–æ–≥–æ —Ç—Ä–∞–Ω—Å–ø–æ—Ä—Ç–∞ —Ä–∞—Å–ø–æ–ª–æ–∂–µ–Ω–∞ –≤ 100 –º–µ—Ç—Ä–∞—Ö - –∑–¥–µ—Å—å –ø—Ä–æ–ª–µ–≥–∞–µ—Ç –±–æ–ª–µ–µ –¥–µ—Å—è—Ç–∏ –∞–≤—Ç–æ–±—É—Å–Ω—ã—Ö –º–∞—Ä—à—Ä—É—Ç–æ–≤. 
 
–í–æ –¥–≤–æ—Ä–µ –∑–æ–Ω–∞ –æ—Ç–¥—ã—Ö–∞ —Å–æ —Å–∫–∞–º–µ–π–∫–∞–º–∏. –¢–µ—Ä—Ä–∏—Ç–æ—Ä–∏—è –æ–∑–µ–ª–µ–Ω–µ–Ω–∞."
https://krisha.kz//a/show/678077917,1,9,16,–£—Ç–µ–≥–µ–Ω –±–∞—Ç—ã—Ä–∞,11,40.1,nan,–°–∞–π—Ä–∞–Ω,–º–æ–Ω–æ–ª–∏—Ç–Ω—ã–π,9.4,nan,—á–µ—Ä–Ω–æ–≤–∞—è –æ—Ç–¥–µ–ª–∫–∞,2023,Everest,–ê–ª–º–∞—Ç—ã,–ê—É—ç–∑–æ–≤—Å–∫–∏–π,nan,nan,–ª–æ–¥–∂–∏—è,True,nan,—Å–æ–≤–º–µ—â–µ–Ω–Ω—ã–π,–ø–∞—Ä–∫–∏–Ω–≥,nan,nan,False,3.0,False,False,False,False,False,False,True,False,False,True,True,False,True,False,False,False,False,False,False,False,False,25500000,False,0,False,"–ü–ª–∞—Å—Ç–∏–∫–æ–≤—ã–µ –æ–∫–Ω–∞, –Ω–µ—É–≥–ª–æ–≤–∞—è, –∫–æ–º–Ω–∞—Ç—ã –∏–∑–æ–ª–∏—Ä–æ–≤–∞–Ω—ã.
–ö–≤–∞—Ä—Ç–∏—Ä–∞ –≤ –¥–æ–º–µ –∫–ª–∞—Å—Å–∞ ""–ö–æ–º—Ñ–æ—Ä—Ç+"". –ó–∞–≤–µ—Ä—à–µ–Ω–∏–µ —Å—Ç—Ä–æ–∏—Ç–µ–ª—å—Å—Ç–≤–∞ 2 –∫–≤–∞—Ä—Ç–∞–ª 2023 –≥–æ–¥–∞, –∫–∞–∫ –ø—Ä–∞–≤–∏–ª–æ —Å–¥–∞—é—Ç —Ä–∞–Ω—å—à–µ —Å—Ä–æ–∫–∞. –£ –∑–∞—Å—Ç—Ä–æ–π—â–∏–∫–∞ –æ—Ç–ª–∏—á–Ω–∞—è —Ä–µ–ø—É—Ç–∞—Ü–∏—è –≤—Å–µ–≥–¥–∞ –∑–∞–≤–µ—Ä—à–∞–µ—Ç —Å–≤–æ–∏ –æ–±—å–µ–∫—Ç—ã. –ú–∞–∫—Å–∏–º–∞–ª—å–Ω–æ —É–¥–æ–±–Ω–∞—è –ø–ª–∞–Ω–∏—Ä–æ–≤–∫–∞ –∫–≤–∞—Ä—Ç–∏—Ä—ã, –ø–æ–ª–Ω–æ—Ü–µ–Ω–Ω–∞—è –∫—É—Ö–Ω—è 9.4 –∫–≤. –º., –±–æ–ª—å—à–æ–π –∑–∞–ª 20.4 –∫–≤. –º., –ª–æ–¥–∂–∏—è. –ú–æ–∂–Ω–æ –ø–µ—Ä–µ–¥–µ–ª–∞—Ç—å –≤ 2-—Ö –∫–æ–º–Ω–∞—Ç–Ω—É—é –∫–≤–∞—Ä—Ç–∏—Ä—É —Å—Ç—É–¥–∏—é. 
–°–æ–≤—Ä–µ–º–µ–Ω–Ω—ã–π –¥–æ–º, –≤ –¥–∞–Ω–Ω—ã–π –º–æ–º–µ–Ω—Ç –∑–∞–≤–µ—Ä—à–∞–µ—Ç—Å—è —Å—Ç—Ä–æ–∏—Ç–µ–ª—å—Å—Ç–≤–æ 10-–≥–æ —ç—Ç–∞–∂–∞, 1-—è –æ—á–µ—Ä–µ–¥—å. –°–¥–∞—ë—Ç—Å—è –≤ –ø—Ä–µ–¥—á–∏—Å—Ç–æ–≤–æ–π –æ—Ç–¥–µ–ª–∫–µ, –≤—ã—Å–æ—Ç–∞ –ø–æ—Ç–æ–ª–∫–æ–≤ 3 –º–µ—Ç—Ä–∞, –æ–∫–Ω–∞ –ø–∞–Ω–æ—Ä–∞–º–Ω—ã–µ, –≤—Ö–æ–¥–Ω–∞—è –≥—Ä—É–ø–ø–∞ fase ID, —ç–ª–µ–∫—Ç—Ä–æ–∑–∞–º–∫–∏ –Ω–∞ –¥–≤–µ—Ä—è—Ö –∫–≤–∞—Ä—Ç–∏—Ä. 
–§–∞—Å–∞–¥ –¥–æ–º–∞ –±—É–¥–µ—Ç –≤—ã–ø–æ–ª–Ω–µ–Ω –∏–∑ —Ñ–∏–±—Ä–æ—Ü–µ–º–µ–Ω—Ç–Ω—ã—Ö –ø–∞–Ω–µ–ª–µ–π, –≤–æ –¥–≤–æ—Ä–µ –¥–æ–º–∞ –ø—Ä–µ–¥—É—Å–º–æ—Ç—Ä–µ–Ω—ã –ø–µ—à–∏–µ –∏ –≤–µ–ª–æ—Å–∏–ø–µ–¥–Ω—ã–µ –¥–æ—Ä–æ–∂–∫–∏, –¥–µ—Ç—Å–∫–∏–µ –∏ —Å–ø–æ—Ä—Ç–∏–≤–Ω—ã–µ –ø–ª–æ—â–∞–¥–∫–∏. 
–í 5 –º–∏–Ω—É—Ç–∞—Ö —Ö–æ–¥—å–±—ã —Ä–∞—Å–ø–æ–ª–æ–∂–µ–Ω–∞ –ø—Ä–æ–≥—É–ª–æ—á–Ω–∞—è –∑–æ–Ω–∞ –æ–∑–µ—Ä–∞ ""–°–∞–π—Ä–∞–Ω"", –¢–†–ö ""GrandPark"", ARMADA, –º–µ–¥–∏—Ü–∏–Ω—Å–∫–∏–µ —Ü–µ–Ω—Ç—Ä—ã, –≥–æ—Å—É–¥–∞—Ä—Å—Ç–≤–µ–Ω–Ω—ã–µ –∏ —á–∞—Å—Ç–Ω—ã–µ —à–∫–æ–ª—ã, –≥–∏–ø–µ—Ä–º–∞—Ä–∫–µ—Ç—ã MAGNUM –∏ Metro, –±–µ–∑ —Ç—Ä—É–¥–∞ –º–æ–∂–Ω–æ –¥–æ–±—Ä–∞—Ç—å—Å—è –≤ –ª—é–±—É—é —Ç–æ—á–∫—É –≥–æ—Ä–æ–¥–∞."
https://krisha.kz//a/show/679451880,3,3,5,–ñ–∞—Ä–æ–∫–æ–≤–∞,37/2,56.0,nan,nan,–ø–∞–Ω–µ–ª—å–Ω—ã–π,nan,nan,—Ö–æ—Ä–æ—à–µ–µ,1980,nan,–ê–ª–º–∞—Ç—ã,–ê–ª–º–∞–ª–∏–Ω—Å–∫–∏–π,nan,nan,nan,False,nan,nan,nan,nan,nan,False,nan,False,False,False,False,False,False,False,False,False,True,True,True,True,True,True,True,True,True,True,True,True,43500000,False,17,False,"- –∫–≤–∞—Ä—Ç–∏—Ä–∞ –≤ –æ—Ç–ª–∏—á–Ω–æ–º, —Ç–∏—Ö–æ–º –∏ —Å–ø–∞–ª—å–Ω–æ–º —Ä–∞–π–æ–Ω–µ –ê–ª–º–∞—Ç—ã. –°–∞–º–æ–µ —É–¥–æ–±–Ω–æ–µ —Ä–∞—Å–ø–æ–ª–æ–∂–µ–Ω–∏–µ –∫–≤–∞—Ä—Ç–∏—Ä—ã, –≤—Å–µ –≤ —à–∞–≥–æ–≤–æ–π –¥–æ—Å—Ç—É–ø–Ω–æ—Å—Ç–∏- —à–∫–æ–ª–∞, –¥–µ—Ç—Å–∞–¥—ã, —Å–∞–ª–æ–Ω—ã, –º–∞–≥–∞–∑–∏–Ω—ã Small, Magnum, –ø–∞—Ä–∫ –ì–∞–Ω–¥–∏ –∏ –º–Ω–æ–≥–æ–µ –¥—Ä. 
- –ò–º–µ–µ—Ç—Å—è –ø–µ—Ä–µ–ø–ª–∞–Ω–∏—Ä–æ–≤–∫–∞, –≤—Å–µ —É–∑–∞–∫–æ–Ω–µ–Ω–æ. 
–∫–≤–∞—Ä—Ç–∏—Ä–∞ —É–≥–ª–æ–≤–∞—è, –Ω–æ —Ç—ë–ø–ª–∞—è, –æ–∫–Ω–∞- –≤–æ—Å—Ç–æ–∫/—Å–µ–≤–µ—Ä, –∑–∏–º–æ–π —Ç–µ–ø–ª–æ, –ª–µ—Ç–æ–º –ø—Ä–æ—Ö–ª–∞–¥–Ω–æ. 
- –•–æ—Ä–æ—à–∞—è –∞—É—Ä–∞, –¥–æ–±—Ä—ã–µ —Å–æ—Å–µ–¥–∏, –∏–¥–µ–∞–ª—å–Ω—ã–π —Ä–∞–π–æ–Ω –¥–ª—è —Å–µ–º–µ–π–Ω–æ–π –∂–∏–∑–Ω, –≤ —Ü–µ–Ω—Ç—Ä–µ –ê–ª–º–∞–ª–∏–Ω—Å–∫–æ–≥–æ —Ä–∞–π–æ–Ω–∞, –≤ –æ–∫—Ä—É–≥–µ –∑–µ–ª—ë–Ω—ã–µ –ø–∞—Ä–∫–∏, –∞–ª–ª–µ–∏. 
- –ü–µ—Ä–≤—ã–π –∏ –µ–¥–∏–Ω—Å—Ç–≤–µ–Ω–Ω—ã–π —Ö–æ–∑—è–∏–Ω. 
- –ù–∞–ª–∏—á–∫–∞/–ò–ø–æ—Ç–µ–∫–∞ –ø—Ä–æ—Ö–æ–¥–∏—Ç, –¥–æ–∫—É–º–µ–Ω—Ç—ã –≤ –ø–æ—Ä—è–¥–∫–µ. 
- –ü—Ä–æ–¥–∞–∂–∞ –≤–º–µ—Å—Ç–µ —Å –º–µ–±–µ–ª—å—é –∏ —Ç–µ—Ö–Ω–∏–∫–æ–π. 
 –†–∞–∑—É–º–Ω—ã–π —Ç–æ—Ä–≥."
https://krisha.kz//a/show/677130157,2,1,3,–°–∞–º–∞–ª,nan,69.4,nan,–ê–ª–≥–∞–±–∞—Å,–º–æ–Ω–æ–ª–∏—Ç–Ω—ã–π,12.0,45.0,—Ö–æ—Ä–æ—à–µ–µ,2009,–ê–ª–≥–∞–±–∞—Å,–ê–ª–º–∞—Ç—ã,–ê–ª–∞—Ç–∞—É—Å–∫–∏–π,–æ—Ç–¥–µ–ª—å–Ω—ã–π,ADSL,nan,False,–º–µ—Ç–∞–ª–ª–∏—á–µ—Å–∫–∞—è,—Ä–∞–∑–¥–µ–ª—å–Ω—ã–π,–ø–∞—Ä–∫–∏–Ω–≥,—á–∞—Å—Ç–∏—á–Ω–æ,–ª–∞–º–∏–Ω–∞—Ç,False,3.0,True,True,True,False,False,False,False,False,False,True,False,True,True,False,False,True,True,True,True,True,False,36000000,False,16,False,"–ü–ª–∞—Å—Ç–∏–∫–æ–≤—ã–µ –æ–∫–Ω–∞, —É–ª—É—á—à–µ–Ω–Ω–∞—è, –∫–æ–º–Ω–∞—Ç—ã –∏–∑–æ–ª–∏—Ä–æ–≤–∞–Ω—ã, –Ω–æ–≤–∞—è —Å–∞–Ω—Ç–µ—Ö–Ω–∏–∫–∞, –∫–ª–∞–¥–æ–≤–∫–∞, —Å—á—ë—Ç—á–∏–∫–∏, —Ç–∏—Ö–∏–π –¥–≤–æ—Ä, –∫–æ–Ω–¥–∏—Ü–∏–æ–Ω–µ—Ä.
–ü—Ä–æ–¥–∞–º 2 –∫–æ–º–Ω - –Ω—É—é —É–ª—É—á—à–µ–Ω–Ω—É—é –∫–≤–∞—Ä—Ç–∏—Ä—É. –ö–≤–∞—Ä—Ç–∏—Ä–∞ –ø–æ—Å–ª–µ —Ä–µ–º–æ–Ω—Ç–∞. –ü—Ä–æ–∏–∑–≤–µ–¥–µ–Ω–∞ –∑–∞–º–µ–Ω–∞ —Ç—Ä—É–±, —Å—á–µ—Ç—á–∏–∫–æ–≤. –ù–æ–≤—ã–π –≥–∞–∑–æ–≤—ã–π –∫–æ—Ç—ë–ª –ù–∞–≤—å–µ–Ω. 
–ò–º–µ–µ—Ç—Å—è –ø–∞—Ä–∫–æ–≤–∫–∞. 
–†—è–¥–æ–º —à–∫–æ–ª–∞, –º–µ–¥—É—á—Ä–µ–∂–¥–µ–Ω–∏—è, –¥–µ—Ç—Å–∫–∏–µ —Å–∞–¥—ã, —Ä—ã–Ω–æ–∫."
https://krisha.kz//a/show/676917956,3,1,5,nan,nan,120.0,nan,–î—É–º–∞–Ω-2 17,–º–æ–Ω–æ–ª–∏—Ç–Ω—ã–π,17.5,nan,—Ö–æ—Ä–æ—à–µ–µ,2010,nan,–ê–ª–º–∞—Ç—ã,–ú–µ–¥–µ—É—Å–∫–∏–π,nan,nan,–Ω–µ—Å–∫–æ–ª—å–∫–æ –±–∞–ª–∫–æ–Ω–æ–≤ –∏–ª–∏ –ª–æ–¥–∂–∏–π,False,nan,2 —Å/—É –∏ –±–æ–ª–µ–µ,nan,nan,–ª–∞–º–∏–Ω–∞—Ç,False,2.8,True,False,True,False,False,True,False,False,False,True,True,True,True,True,True,True,True,True,True,True,True,62000000,False,9,False,"3-—Ö –∫–æ–º–Ω–∞—Ç–Ω—É—é –∫–≤–∞—Ä—Ç–∏—Ä—É, –Ω–∞—Ö–æ–¥—è—Ç—Å—è 1-–º —ç—Ç–∞–∂–µ. –ú–æ–Ω–æ–ª–∏—Ç–Ω—ã–π –¥–æ–º, –æ—á–µ–Ω—å —Ç—ë–ø–ª–∞—è –∫–≤–∞—Ä—Ç–∏—Ä–∞, —Ö–æ—Ä–æ—à–∏–µ —Å–æ—Å–µ–¥–∏, –ø–æ–ª–Ω–æ—Å—Ç—å—é —Å –º–µ–±–µ–ª—å—é, –¥–µ—Ç—Å–∫–∞—è –ø–ª–æ—â–∞–¥–∫–∞ –≤–æ –¥–≤–æ—Ä–µ. 
–û—á–µ–Ω—å —Ä–∞–∑–≤–∏—Ç–∞—è –∏–Ω—Ñ—Ä–∞—Å—Ç—Ä—É–∫—Ç—É—Ä–∞ 
–≤—Å–µ –≤ —à–∞–≥–æ–≤–æ–π –¥–æ—Å—Ç—É–ø–Ω–æ—Å—Ç–∏: –ú–∞–≥–∞–∑–∏–Ω—ã, –º–∞–≥–Ω—É–º, —à–∫–æ–ª—ã, –¥–µ—Ç—Å–∫–∏–µ —Å–∞–¥—ã, –∞–ø—Ç–µ–∫–∏, —Å–∞–ª–æ–Ω –∫—Ä–∞—Å–æ—Ç—ã, –∏ –º–Ω–æ–≥–æ–µ –¥—Ä—É–≥–æ–µ."
https://krisha.kz//a/show/678883623,2,5,5,nan,nan,62.3,nan,–°–∞—è–ª—ã,–º–æ–Ω–æ–ª–∏—Ç–Ω—ã–π,9.0,nan,—Ö–æ—Ä–æ—à–µ–µ,2015,nan,–ê–ª–º–∞—Ç—ã,–ê–ª–∞—Ç–∞—É—Å–∫–∏–π,nan,nan,–±–∞–ª–∫–æ–Ω,True,nan,—Ä–∞–∑–¥–µ–ª—å–Ω—ã–π,nan,nan,–ª–∏–Ω–æ–ª–µ—É–º,False,2.9,False,False,True,False,False,False,False,False,False,True,True,True,True,True,True,True,True,True,True,True,True,27000000,False,10,False,"–ö–≤–∞—Ä—Ç–∏—Ä–∞ –ø—Ä–æ–¥–∞—ë—Ç—Å—è —Å—Ä–æ—á–Ω–æ, –∏–ø–æ—Ç–µ–∫–∞ —Ä–∞—Å—Å–º–∞—Ç—Ä–∏–≤–∞–µ—Ç—Å—è"
https://krisha.kz//a/show/679080365,3,12,16,nan,nan,85.0,nan,–ê–∫–∫–µ–Ω—Ç 47,–º–æ–Ω–æ–ª–∏—Ç–Ω—ã–π,nan,nan,—Ö–æ—Ä–æ—à–µ–µ,2010,nan,–ê–ª–º–∞—Ç—ã,–ê–ª–∞—Ç–∞—É—Å–∫–∏–π,–µ—Å—Ç—å –≤–æ–∑–º–æ–∂–Ω–æ—Å—Ç—å –ø–æ–¥–∫–ª—é—á–µ–Ω–∏—è,–æ–ø—Ç–∏–∫–∞,–ª–æ–¥–∂–∏—è,True,–º–µ—Ç–∞–ª–ª–∏—á–µ—Å–∫–∞—è,2 —Å/—É –∏ –±–æ–ª–µ–µ,–ø–∞—Ä–∫–∏–Ω–≥,nan,–ª–∞–º–∏–Ω–∞—Ç,False,2.6,False,True,True,True,False,True,False,False,False,True,False,True,True,False,True,True,True,True,True,False,False,45000000,False,10,False,"–ü–ª–∞—Å—Ç–∏–∫–æ–≤—ã–µ –æ–∫–Ω–∞, —É–ª—É—á—à–µ–Ω–Ω–∞—è, –∫–æ–º–Ω–∞—Ç—ã –∏–∑–æ–ª–∏—Ä–æ–≤–∞–Ω—ã, –≤—Å—Ç—Ä–æ–µ–Ω–Ω–∞—è –∫—É—Ö–Ω—è, –Ω–æ–≤–∞—è —Å–∞–Ω—Ç–µ—Ö–Ω–∏–∫–∞, –∫–ª–∞–¥–æ–≤–∫–∞, —Å—á—ë—Ç—á–∏–∫–∏, —Ç–∏—Ö–∏–π –¥–≤–æ—Ä."
https://krisha.kz//a/show/679080372,1,2,10,–ñ—É–Ω–∏—Å–æ–≤–∞,4/15,42.6,nan,–®—É–≥—ã–ª–∞,–º–æ–Ω–æ–ª–∏—Ç–Ω—ã–π,9.2,nan,—Ö–æ—Ä–æ—à–µ–µ,2019,nan,–ê–ª–º–∞—Ç—ã,–ù–∞—É—Ä—ã–∑–±–∞–π—Å–∫–∏–π,nan,ADSL,–ª–æ–¥–∂–∏—è,True,–º–µ—Ç–∞–ª–ª–∏—á–µ—Å–∫–∞—è,—Å–æ–≤–º–µ—â–µ–Ω–Ω—ã–π,nan,nan,–ª–∏–Ω–æ–ª–µ—É–º,False,2.8,False,False,False,False,False,False,False,False,False,True,True,True,True,True,True,True,True,True,True,True,True,25000000,False,12,False,"–ö–≤–∞—Ä—Ç–∏—Ä–∞ –≤ —Ö–æ—Ä–æ—à–µ–º —Å–æ—Å—Ç–æ—è–Ω–∏–∏, —Å–æ–ª–Ω–µ—á–Ω–∞—è —Å—Ç–æ—Ä–æ–Ω–∞. –¥–æ–∫—É–º–µ–Ω—Ç—ã –≤ –ø–æ—Ä—è–¥–∫–µ."
https://krisha.kz//a/show/678833125,4,1,4,nan,nan,172.5,–ñ–∞–Ω–¥–æ—Å–æ–≤–∞ —è—Å—Å–∞—É–∏,–¢–∞—É—Å–∞–º–∞–ª—ã 1–∞,–∫–∏—Ä–ø–∏—á–Ω—ã–π,17.0,nan,nan,2022,nan,–ê–ª–º–∞—Ç—ã,–ù–∞—É—Ä—ã–∑–±–∞–π—Å–∫–∏–π,nan,–æ–ø—Ç–∏–∫–∞,nan,False,nan,2 —Å/—É –∏ –±–æ–ª–µ–µ,–ø–∞—Ä–∫–∏–Ω–≥,–ø–æ–ª–Ω–æ—Å—Ç—å—é,–ª–∞–º–∏–Ω–∞—Ç,False,2.9,False,True,False,False,False,False,False,False,False,False,False,False,False,False,True,False,True,False,False,True,False,131000000,False,24,False,"–ö–æ–Ω–¥–∏—Ü–∏–æ–Ω–µ—Ä, –≤—Å—Ç—Ä–æ–µ–Ω–Ω–∞—è –∫—É—Ö–Ω—è, –∫–ª–∞–¥–æ–≤–∫–∞.
–ö–≤–∞—Ä—Ç–∏—Ä–∞ 2022 –≥–æ–¥–∞ –≤ –∫–ª—É–±–Ω–æ–º –¥–æ–º–µ –ø—Ä–µ–º–∏—É–º-—É—Ä–æ–≤–Ω—è, –ø–æ–ª–Ω–æ—Å—Ç—å—é –¥–∏–∑–∞–π–Ω–µ—Ä—Å–∫–∏–π —Ä–µ–º–æ–Ω—Ç, –æ–±—Å—Ç–∞–≤–ª–µ–Ω–∞, –∏–º–µ–µ—Ç—Å—è —Å–æ–±—Å—Ç–≤–µ–Ω–Ω–∞—è —Ç–µ—Ä—Ä–∞—Å–∞, –ø–∞—Ä–∫–∏–Ω–≥, –ª–∏—Ñ—Ç, –∫—Ä—É–≥–ª–æ—Å—É—Ç–æ—á–Ω–∞—è –æ—Ö—Ä–∞–Ω–∞, –∞—Ä—Ç–µ–∑–∏–∞–Ω—Å–∫–∞—è –≤–æ–¥–∞, —Ü–µ–Ω—Ç—Ä–∞–ª—å–Ω–∞—è –∫–∞–Ω–∞–ª–∏–∑–∞—Ü–∏—è, —ç–∫–æ–ª–æ–≥–∏—á–µ—Å–∫–∏ —á–∏—Å—Ç–∞—è –∑–æ–Ω–∞, –¥–æ–º –ø—Ä–µ–º–∏—É–º-–∫–ª–∞—Å—Å–∞, 1 –ø–æ–¥—å–µ–∑–¥, –Ω–∞ —Ç–µ—Ä—Ä–∏—Ç–æ—Ä–∏–∏ –∫–ª—É–±–Ω–æ–π –∑–æ–Ω—ã —Ñ–∏—Ç–Ω–µ—Å—Å-—Ü–µ–Ω—Ç—Ä –ø—Ä–µ–º–∏—É–º-–∫–ª–∞—Å—Å–∞ —Å –±–∞—Å—Å–µ–π–Ω–æ–º, –¥–µ—Ç—Å–∫–∏–π –º—É–ª—å—Ç–∏–æ–±—Ä–∞–∑–æ–≤–∞—Ç–µ–ª—å–Ω—ã–π —Ü–µ–Ω—Ç—Ä. –ö–≤–∞—Ä—Ç–∏—Ä–∞ —Å–≤–µ—Ç–ª–∞—è, —É—é—Ç–Ω–∞—è, –≤—Å–µ –¥–ª—è —É–¥–æ–±—Å—Ç–≤–∞ –ø—Ä–æ–∂–∏–≤–∞–Ω–∏—è. –®–∫–æ–ª–∞, –¥–µ—Ç—Å–∫–∏–µ —Å–∞–¥–∏–∫–∏, –ø–ª–æ—â–∞–¥–∫–∞ —Ä—è–¥–æ–º! –ö–≤–∞—Ä—Ç–∏—Ä–∞ —Å–æ–∑–¥–∞–≤–∞–ª–∞—Å—å —Å –ª—é–±–æ–≤—å—é –¥–ª—è —Å–µ–±—è –∏ —Å–µ–º—å–∏!"
https://krisha.kz//a/show/679080292,1,8,9,nan,nan,52.3,–ü—Ä–æ—Å–ø–µ–∫—Ç,–ê–∫—Å–∞–π-1–ê,–º–æ–Ω–æ–ª–∏—Ç–Ω—ã–π,14.0,nan,—Ö–æ—Ä–æ—à–µ–µ,2006,nan,–ê–ª–º–∞—Ç—ã,–ê—É—ç–∑–æ–≤—Å–∫–∏–π,–µ—Å—Ç—å –≤–æ–∑–º–æ–∂–Ω–æ—Å—Ç—å –ø–æ–¥–∫–ª—é—á–µ–Ω–∏—è,–ø—Ä–æ–≤–æ–¥–Ω–æ–π,–ª–æ–¥–∂–∏—è,True,–º–µ—Ç–∞–ª–ª–∏—á–µ—Å–∫–∞—è,—Å–æ–≤–º–µ—â–µ–Ω–Ω—ã–π,–ø–∞—Ä–∫–∏–Ω–≥,nan,–ª–∏–Ω–æ–ª–µ—É–º,False,2.8,False,False,True,False,False,False,False,False,False,True,True,True,True,True,True,True,True,True,True,True,True,32000000,False,9,False,"–°—Ä–æ—á–Ω–æ –ø—Ä–æ–¥–∞–º 1 –∫–æ–º –∫–≤–∞—Ä –∞–∫—Å–∞–π 1 –∞ –¥–æ–º 2006 –≥ –º–æ–Ω–∞–ª–∏—Ç, –∏–∑–æ–ª–∏—Ä–æ–≤–∞–Ω, –æ–±—â –∫–≤ 52.30, –∫—É—Ö–Ω—è 14, –∏–∑ –∫—É—Ö–Ω–∏–∏ –ª–æ–¥–∂–∞ –∏ –∏–∑ –∑–∞–ª–∞ —Ç–æ–∂–µ –ª–æ–¥–∂–∞ –±–æ–ª—å—à–∏–µ. —Å—Ç–∏—Ä–∞–ª—å–Ω—ã–π –º–∞—à–∏–Ω–∞, –º–µ–±–µ–ª—å –∫—É—Ö–Ω—ã–π, –≥–∞–∑ –ø–ª–∏—Ç–∞ –ø–æ–¥–∞—Ä–æ–∫. 32000000 —Ç–≥"
https://krisha.kz//a/show/677282640,2,3,10,–ñ—É–Ω–∏—Å–æ–≤–∞,8/2,56.0,–¢–æ–ª–µ –±–∏,–®—É–≥—ã–ª–∞,–º–æ–Ω–æ–ª–∏—Ç–Ω—ã–π,nan,nan,—Å–≤–æ–±–æ–¥–Ω–∞—è –ø–ª–∞–Ω–∏—Ä–æ–≤–∫–∞,2021,Alma City,–ê–ª–º–∞—Ç—ã,–ù–∞—É—Ä—ã–∑–±–∞–π—Å–∫–∏–π,nan,nan,nan,False,–º–µ—Ç–∞–ª–ª–∏—á–µ—Å–∫–∞—è,nan,–ø–∞—Ä–∫–∏–Ω–≥,nan,nan,False,2.8,False,False,False,False,False,False,False,False,False,True,True,True,True,True,True,True,True,True,True,True,True,27000000,False,7,False,–ê–ª–º–∞ —Å–∏—Ç–∏ 3. —Ä–∞—Å–ø–æ–ª–æ–∂–µ–Ω–∏–µ. –æ—Å—Ç–∞–Ω–æ–≤–∫–∞ 100–º. –º–∞–≥–Ω—É–º 200–º. –ø—Ä–æ–±–∏–≤–∞–µ—Ç—Å—è —Ç–æ–ª–µ –±–∏ 100–º. –¥–æ–º –≤–≤–µ–¥–µ–Ω –≤ —ç–∫—Å–ø–ª—É–∞—Ç–∞—Ü–∏—é. –¥–æ–∫—É–º–µ–Ω—Ç—ã –Ω–∞ —Ä—É–∫–∞—Ö. –ø–æ–ª–Ω–æ—Å—Ç—å—é –∑–∞—Å–µ–ª–µ–Ω. —Ö–æ—Ä–æ—à–∞—è –∞—É—Ä–∞. –æ—Ç–ª–∏—á–Ω—ã–µ –¥–≤–æ—Ä—ã. —Ä—è–¥–æ–º –ø–∞—Ä–∫–∏–Ω–≥–∏. –≤—Å–µ –≤ —à–∞–≥–æ–≤–æ–π –¥–æ—Å—Ç—É–ø–Ω–æ—Å—Ç–∏.
https://krisha.kz//a/show/679451694,1,4,5,–°–µ–≤–µ—Ä–Ω–æ–µ –ö–æ–ª—å—Ü–æ,92/4,32.5,–ñ–∞–ø—Å–∞—Ä–±–∞–µ–≤–∞,nan,–º–æ–Ω–æ–ª–∏—Ç–Ω—ã–π,6.2,18.3,—á–µ—Ä–Ω–æ–≤–∞—è –æ—Ç–¥–µ–ª–∫–∞,2022,nan,–ê–ª–º–∞—Ç—ã,–ñ–µ—Ç—ã—Å—É—Å–∫–∏–π,–µ—Å—Ç—å –≤–æ–∑–º–æ–∂–Ω–æ—Å—Ç—å –ø–æ–¥–∫–ª—é—á–µ–Ω–∏—è,–æ–ø—Ç–∏–∫–∞,–±–∞–ª–∫–æ–Ω,False,–º–µ—Ç–∞–ª–ª–∏—á–µ—Å–∫–∞—è,—Å–æ–≤–º–µ—â–µ–Ω–Ω—ã–π,—Ä—è–¥–æ–º –æ—Ö—Ä–∞–Ω—è–µ–º–∞—è —Å—Ç–æ—è–Ω–∫–∞,nan,nan,False,2.8,False,False,True,False,False,True,False,False,False,True,True,False,False,False,False,False,False,False,True,False,False,15500000,False,0,False,"–ü–ª–∞—Å—Ç–∏–∫–æ–≤—ã–µ –æ–∫–Ω–∞, –Ω–µ—É–≥–ª–æ–≤–∞—è, —Ç–∏—Ö–∏–π –¥–≤–æ—Ä.
–£–¥–æ–±–Ω–∞—è –ª–æ–∫–∞—Ü–∏—è, –¥–æ —Ü–µ–Ω—Ç—Ä–∞ –≥–æ—Ä–æ–¥–∞ 20 –º–∏–Ω—É—Ç, –≤—Å–µ –†—ã–Ω–∫–∏ —Ä—è–¥–æ–º. –°–≤–µ—Ç–ª–∞—è, –∫—É—Ö–Ω—é –º–æ–∂–Ω–æ —É–≤–µ–ª–∏—á–∏—Ç—å –ø—Ä–∏—Å–æ–µ–¥–∏–Ω–∏–≤ –±–∞–ª–∫–æ–Ω –¥–æ 10–º2.–ù–∞ –ø–æ–ª—É —Å—Ç—è–∂–∫–∞ –ø–æ–¥ –ª–∞–º–∏–Ω–∞—Ç, –ª–∏–Ω–æ–ª–∏—É–º"
https://krisha.kz//a/show/679069817,3,3,4,–ï—Ä –¢–æ—Å—Ç—ã–∫,3,79.0,–ï—Ä —Ç–æ—Å—Ç–∏–∫,nan,–º–æ–Ω–æ–ª–∏—Ç–Ω—ã–π,nan,nan,—Ö–æ—Ä–æ—à–µ–µ,2021,Alatau Golf Residences,–ê–ª–º–∞—Ç—ã,–ù–∞—É—Ä—ã–∑–±–∞–π—Å–∫–∏–π,nan,nan,nan,False,nan,nan,–ø–∞—Ä–∫–∏–Ω–≥,nan,nan,False,3.2,False,False,False,False,False,False,False,False,False,True,True,True,True,True,True,True,True,True,True,True,True,85000000,False,30,False,"–ü—Ä–µ–¥—Å—Ç–∞–≤–ª—è–µ–º –≤–∞—à–µ–º—É –≤–Ω–∏–º–∞–Ω–∏—é 3 –∫–æ–º–Ω–∞—Ç–Ω—É—é –∫–≤–∞—Ä—Ç–∏—Ä—É –≤ –∏–∑—ã—Å–∫–∞–Ω–Ω–æ–º —Ä–∞–π–æ–Ω–µ –≥. –ê–ª–º–∞—Ç—ã. 
–ü–æ—á–µ–º—É –∏–º–µ–Ω–Ω–æ Alatau Golf Residences? 
üñãÔ∏è –ñ–∏–ª–æ–π –∫–æ–º–ø–ª–µ–∫—Å –±–∏–∑–Ω–µ—Å-–ö–ª–∞—Å—Å–∞ 
‚òòÔ∏è –ñ–∏–∑–Ω—å –≤ –≥–∞—Ä–º–æ–Ω–∏–∏ —Å –ø—Ä–∏—Ä–æ–¥–æ–π –ß–∏—Å—Ç—ã–π –≤–æ–∑–¥—É—Ö –∑–∞ —Å—á–µ—Ç —Å–∞–º–æ–≥–æ –±–æ–ª—å—à–æ–≥–æ –ø–∞—Ä–∫–∞ –≤ –ê–ª–º–∞—Ç—ã. –õ—É—á—à–∏–µ –≤–∏–¥—ã –Ω–∞ –≥–æ—Ä—ã, –æ–∑–µ—Ä–æ –∏ –≥–æ–ª—å—Ñ-–ø–æ–ª—è –∏–∑ –≤–∞—à–µ–π –∫–≤–∞—Ä—Ç–∏—Ä—ã. 
üè† –ú–∞–ª–æ—ç—Ç–∞–∂–Ω–∞—è –∑–∞—Å—Ç—Ä–æ–π–∫–∞ –ë–µ–∑–æ–ø–∞—Å–Ω–æ—Å—Ç—å, –∫–æ–º—Ñ–æ—Ä—Ç, –∫–∞—á–µ—Å—Ç–≤–æ –∏ –æ—Ä–∏–≥–∏–Ω–∞–ª—å–Ω—ã–π –¥–∏–∑–∞–π–Ω 4 —ç—Ç–∞–∂–Ω—ã—Ö –¥–æ–º–æ–≤. 
‚õ≤ –ó–¥–µ—Å—å —Ö–æ—á–µ—Ç—Å—è –∂–∏—Ç—å –ù–∞ —Ç–µ—Ä—Ä–∏—Ç–æ—Ä–∏–∏ –ñ–ö –µ—Å—Ç—å –≤—Å—ë: —Ñ–æ–Ω—Ç–∞–Ω—ã, –¥–µ—Ç—Å–∫–∏–π —Å–∞–¥, –ø–∞—Ä–∫–∏–Ω–≥, —Å—É–ø–µ—Ä–º–∞—Ä–∫–µ—Ç, –±–µ—Å–µ–¥–∫–∏, –∫–æ—Ñ–µ–π–Ω–∏, —Å–∞–ª–æ–Ω—ã –∫—Ä–∞—Å–æ—Ç—ã –∏ –º–Ω–æ–≥–æ–µ –¥—Ä—É–≥–æ–µ 
üîë –ü—Ä–æ—Å—Ç–æ—Ä–Ω–∞—è —É—é—Ç–Ω–∞—è –∫–≤–∞—Ä—Ç–∏—Ä–∞ —Å –¥–∏–∑–∞–π–Ω–µ—Ä—Å–∫–∏–º —Ä–µ–º–æ–Ω—Ç–æ–º. –£–¥–æ–±–Ω–∞—è –ø–ª–∞–Ω–∏—Ä–æ–≤–∫–∞ –¥–ª—è –±–æ–ª—å—à–æ–π —Å–µ–º—å–∏. 
üìå –ö–≤–∞—Ä—Ç–∏—Ä–∞ –æ–±–ª–∞–¥–∞–µ—Ç –Ω–µ–≤–µ—Ä–æ—è—Ç–Ω—ã–º–∏ –ø–∞–Ω–æ—Ä–∞–º–Ω—ã–º–∏ –≤–∏–¥–∞–º–∏ –∏–∑ –æ–∫–æ–Ω. –í–Ω—É—Ç—Ä–µ–Ω–Ω—è—è –ø–ª–∞–Ω–∏—Ä–æ–≤–∫–∞ —Ç–∞–∫ –∂–µ –≤—ã–ø–æ–ª–Ω–µ–Ω–∞ –¥–∏–∑–∞–π–Ω–µ—Ä—Å–∫–æ–º —Å—Ç–∏–ª–µ. 
- –£–Ω–∏–∫–∞–ª—å–Ω–∞—è –∞—Ä—Ö–∏—Ç–µ–∫—Ç—É—Ä–∞, —Å–æ–≤—Ä–µ–º–µ–Ω–Ω—ã–π –∞–≤—Ç–æ—Ä—Å–∫–∏–π –ø—Ä–æ–µ–∫—Ç. 
- –î–æ–º –ø–æ—Å—Ç—Ä–æ–µ–Ω 2021 –≥. –ò–º–µ–µ—Ç—Å—è –ª–∏—Ñ—Ç! 
- –ü—Ä–æ—Å—Ç–æ—Ä–Ω–∞—è –∫–≤–∞—Ä—Ç–∏—Ä–∞ –ø–ª–æ—â–∞–¥—å—é 80 –∫–≤–∞–¥—Ä–∞—Ç–æ–≤. 
- –ü–æ—Ç–æ–ª–æ–∫–∏ 3.2 
- –ù–æ–≤–∞—è —Ç–µ—Ö–Ω–∏–∫–∞ 
- –û–±—Å—Ç–∞–≤–ª–µ–Ω–Ω–∞—è –Ω–æ–≤–∞—è –º–µ–±–µ–ª—å 
- –ü—Ä–æ—Å—Ç–æ—Ä–Ω–∞—è –õ–æ–¥–∂–∏—è."
https://krisha.kz//a/show/677348099,3,10,10,nan,nan,80.0,nan,–ö–∞—Ä–≥–∞–ª—ã 54,–º–æ–Ω–æ–ª–∏—Ç–Ω—ã–π,8.0,nan,—Ö–æ—Ä–æ—à–µ–µ,2013,–•–∞–Ω –¢–µ–Ω–≥—Ä–∏,–ê–ª–º–∞—Ç—ã,–ù–∞—É—Ä—ã–∑–±–∞–π—Å–∫–∏–π,nan,—á–µ—Ä–µ–∑ TV –∫–∞–±–µ–ª—å,–Ω–µ—Å–∫–æ–ª—å–∫–æ –±–∞–ª–∫–æ–Ω–æ–≤ –∏–ª–∏ –ª–æ–¥–∂–∏–π,True,–±—Ä–æ–Ω–∏—Ä–æ–≤–∞–Ω–Ω–∞—è,—Ä–∞–∑–¥–µ–ª—å–Ω—ã–π,–ø–∞—Ä–∫–∏–Ω–≥,nan,–ø–∞—Ä–∫–µ—Ç,False,2.8,False,True,True,False,True,True,False,False,False,True,False,True,True,False,False,False,True,False,True,True,False,57000000,False,13,False,"–ö–ª–∞–¥–æ–≤–∫–∞, —É–ª—É—á—à–µ–Ω–Ω–∞—è, –∫–æ–Ω–¥–∏—Ü–∏–æ–Ω–µ—Ä, –ø–ª–∞—Å—Ç–∏–∫–æ–≤—ã–µ –æ–∫–Ω–∞, —Ç–∏—Ö–∏–π –¥–≤–æ—Ä, –∫–æ–º–Ω–∞—Ç—ã –∏–∑–æ–ª–∏—Ä–æ–≤–∞–Ω—ã.
–ñ–ö –Ω–∞—Ö–æ–¥–∏—Ç—Å—è –≤ —ç–∫–æ–ª–æ–≥–∏—á–µ—Å–∫–∏–º —á–∏—Å—Ç–æ–º —Ä–∞–π–æ–Ω–µ –≥–æ—Ä–Ω—ã–π –≤–æ–∑–¥—É—Ö, –≤ —à–∞–≥–æ–≤–æ–π –¥–æ—Å—Ç—É–ø–Ω–æ—Å—Ç–∏ –≤—Å—è –∏–Ω—Ñ—Ä–∞—Å—Ç—Ä—É–∫—Ç—É—Ä–∞, –ú–∞–≥–Ω—É–º –∫–∞—Ñ–µ, –º–∞–≥–∞–∑–∏–Ω—ã, —à–∫–æ–ª—ã, –∫—Ä—É–∂–∫–∏ –æ–≥–æ—Ä–æ–∂–µ–Ω–Ω–∞—è —Ç–µ—Ä—Ä–∏—Ç–æ—Ä–∏—è –ñ–ö. –í –∫–∞–∂–¥–æ–º –¥–≤–æ—Ä–µ —Å–≤–æ–∏ –¥–µ—Ç—Å–∫–∏–µ –ø–ª–æ—â–∞–¥–∫–∏ –º–Ω–æ–≥–æ –∑–µ–ª–µ–Ω–∏ —Ü–≤–µ—Ç–æ–≤ –∏ –¥—Ä–µ–≤–µ. –ò–∑ –æ–∫–∞–Ω –®–∏–∫–∞—Ä–Ω—ã–π –ø–∞–Ω–æ—Ä–∞–º–Ω—ã–π –Ω–∞ –≥–æ—Ä—ã"
https://krisha.kz//a/show/679080211,2,1,5,–ñ–∞—Ä–æ–∫–æ–≤–∞,nan,44.5,–ñ–∞–Ω–¥–æ—Å–æ–≤–∞,nan,–ø–∞–Ω–µ–ª—å–Ω—ã–π,5.9,nan,—Ö–æ—Ä–æ—à–µ–µ,1973,nan,–ê–ª–º–∞—Ç—ã,–ë–æ—Å—Ç–∞–Ω–¥—ã–∫—Å–∫–∏–π,nan,–ø—Ä–æ–≤–æ–¥–Ω–æ–π,nan,False,nan,—Å–æ–≤–º–µ—â–µ–Ω–Ω—ã–π,nan,—á–∞—Å—Ç–∏—á–Ω–æ,–ª–∏–Ω–æ–ª–µ—É–º,False,nan,True,False,True,False,False,True,False,False,False,True,True,False,True,False,True,False,False,True,True,True,True,40000000,True,6,False,"–ü–ª–∞—Å—Ç–∏–∫–æ–≤—ã–µ –æ–∫–Ω–∞, –Ω–µ—É–≥–ª–æ–≤–∞—è, –∫–æ–º–Ω–∞—Ç—ã –∏–∑–æ–ª–∏—Ä–æ–≤–∞–Ω—ã, –≤—Å—Ç—Ä–æ–µ–Ω–Ω–∞—è –∫—É—Ö–Ω—è, —Å—á—ë—Ç—á–∏–∫–∏, —Ç–∏—Ö–∏–π –¥–≤–æ—Ä, –∫–æ–Ω–¥–∏—Ü–∏–æ–Ω–µ—Ä, —É–¥–æ–±–Ω–æ –ø–æ–¥ –∫–æ–º–º–µ—Ä—Ü–∏—é.
2-—Ö –∫–æ–º–Ω. –∫–≤–∞—Ä—Ç–∏—Ä—É, –ø–ª–∞–Ω–∏—Ä–æ–≤–∫–∞ - ""—Ä–∞—Å–ø–∞—à–æ–Ω–∫–∞"", –æ–∫–Ω–∞ –≤—ã—Ö–æ–¥—è—Ç –Ω–∞ –¥–≤–µ —Å—Ç–æ—Ä–æ–Ω—ã. –†—è–¥–æ–º —Å—É–ø–µ—Ä–º–∞—Ä–∫–µ—Ç - –¢–æ–π–º–∞—Ä—Ç, —à–∫–æ–ª–∞, –∞–ø—Ç–µ–∫–∏, –º–µ—Ç—Ä–æ, —Ö–æ–¥–∏—Ç –±–æ–ª—å—à–æ–µ –∫–æ–ª–∏—á–µ—Å—Ç–≤–æ –∞–≤—Ç–æ–±—É—Å–æ–≤. –û–¥–∏–Ω —Ö–æ–∑—è–∏–Ω. –£–¥–æ–±–Ω–æ –ø–æ–¥ –∫–æ–º–º–µ—Ä—Ü–∏—é. 
–†–∏–µ–ª—Ç–æ—Ä–æ–≤ –ø—Ä–æ—à—É –Ω–µ –±–µ—Å–ø–æ–∫–æ–∏—Ç—å"
https://krisha.kz//a/show/677452995,1,4,13,nan,nan,41.0,nan,–ù—É—Ä–∫–µ–Ω—Ç,–º–æ–Ω–æ–ª–∏—Ç–Ω—ã–π,9.0,nan,nan,2015,nan,–ê–ª–º–∞—Ç—ã,–ê–ª–∞—Ç–∞—É—Å–∫–∏–π,nan,nan,nan,False,–º–µ—Ç–∞–ª–ª–∏—á–µ—Å–∫–∞—è,—Å–æ–≤–º–µ—â–µ–Ω–Ω—ã–π,–ø–∞—Ä–∫–∏–Ω–≥,nan,–ª–∞–º–∏–Ω–∞—Ç,False,2.8,False,False,True,False,False,False,False,False,False,True,False,True,False,False,True,True,False,True,True,False,False,24500000,False,15,False,"–ü–ª–∞—Å—Ç–∏–∫–æ–≤—ã–µ –æ–∫–Ω–∞, —É–ª—É—á—à–µ–Ω–Ω–∞—è, –≤—Å—Ç—Ä–æ–µ–Ω–Ω–∞—è –∫—É—Ö–Ω—è, –Ω–æ–≤–∞—è —Å–∞–Ω—Ç–µ—Ö–Ω–∏–∫–∞, —Å—á—ë—Ç—á–∏–∫–∏, —Ç–∏—Ö–∏–π –¥–≤–æ—Ä.
–°–≤–µ—Ç–ª–∞—è, —á–∏—Å—Ç–∞—è. –†—è–¥–æ–º –º–∞–≥–Ω—É–º, –º–µ–¥ —Ü–µ–Ω—Ç—Ä—ã, –¥–µ—Ç —Å–∞–¥, —à–∫–æ–ª—ã, –ª–∏—Ü–µ–π."
https://krisha.kz//a/show/678365698,2,3,5,–ú–∫—Ä,13-–π,53.2,nan,13-–π –≤–æ–µ–Ω–Ω—ã–π –≥–æ—Ä–æ–¥–æ–∫,–∫–∏—Ä–ø–∏—á–Ω—ã–π,10.2,nan,—Ö–æ—Ä–æ—à–µ–µ,1986,nan,–ê–ª–º–∞—Ç—ã,–¢—É—Ä–∫—Å–∏–±—Å–∫–∏–π,nan,–ø—Ä–æ–≤–æ–¥–Ω–æ–π,–Ω–µ—Å–∫–æ–ª—å–∫–æ –±–∞–ª–∫–æ–Ω–æ–≤ –∏–ª–∏ –ª–æ–¥–∂–∏–π,True,–º–µ—Ç–∞–ª–ª–∏—á–µ—Å–∫–∞—è,—Ä–∞–∑–¥–µ–ª—å–Ω—ã–π,nan,nan,–ª–∞–º–∏–Ω–∞—Ç,False,nan,False,False,True,False,False,True,False,False,False,True,True,True,True,False,False,False,False,True,True,True,False,27000000,False,12,False,"–ö–æ–Ω–¥–∏—Ü–∏–æ–Ω–µ—Ä, –ø–ª–∞—Å—Ç–∏–∫–æ–≤—ã–µ –æ–∫–Ω–∞, –Ω–µ—É–≥–ª–æ–≤–∞—è, —É–ª—É—á—à–µ–Ω–Ω–∞—è, –∫–æ–º–Ω–∞—Ç—ã –∏–∑–æ–ª–∏—Ä–æ–≤–∞–Ω—ã, —Å—á—ë—Ç—á–∏–∫–∏, —Ç–∏—Ö–∏–π –¥–≤–æ—Ä.
–ö–≤–∞—Ä—Ç–∏—Ä–∞ —Å–≤–µ—Ç–ª–∞—è, –ø—Ä–æ—Å—Ç–æ—Ä–Ω–∞—è, –∑–∏–º–æ–π —Ç–µ–ø–ª–æ. –ï—Å—Ç—å —Ü–µ–Ω—Ç—Ä–∞–ª—å–Ω–∞—è –≥–æ—Ä—è—á–∞—è –≤–æ–¥–∞. –°–æ—Å–µ–¥–∏ –¥—Ä—É–∂–µ–ª—é–±–Ω—ã–µ. –î–µ—Ç—Å–∫–∞—è –∏ —Å–ø–æ—Ä—Ç–∏–≤–Ω–∞—è –ø–ª–æ—â–∞–¥–∫–∞ –ø–µ—Ä–µ–¥ –¥–æ–º–æ–º. –†—è–¥–æ–º –º–∞–≥–∞–∑–∏–Ω—ã, —Å—É–ø–µ—Ä–º–∞—Ä–∫–µ—Ç, 32-—è —à–∫–æ–ª–∞ —á–µ—Ä–µ–∑ –¥–æ—Ä–æ–≥—É. —Ç–æ—Ä–≥ —É–º–µ—Å—Ç–µ–Ω"
https://krisha.kz//a/show/678276169,1,2,5,nan,nan,38.0,nan,–ö—É–ª–∞–≥–µ—Ä 51,–º–æ–Ω–æ–ª–∏—Ç–Ω—ã–π,8.5,nan,—Ö–æ—Ä–æ—à–µ–µ,2007,nan,–ê–ª–º–∞—Ç—ã,–ñ–µ—Ç—ã—Å—É—Å–∫–∏–π,nan,—á–µ—Ä–µ–∑ TV –∫–∞–±–µ–ª—å,nan,True,–º–µ—Ç–∞–ª–ª–∏—á–µ—Å–∫–∞—è,—Å–æ–≤–º–µ—â–µ–Ω–Ω—ã–π,—Ä—è–¥–æ–º –æ—Ö—Ä–∞–Ω—è–µ–º–∞—è —Å—Ç–æ—è–Ω–∫–∞,nan,–ª–∏–Ω–æ–ª–µ—É–º,False,2.8,False,False,False,False,False,False,False,False,False,True,True,True,True,True,True,True,True,True,True,True,True,23100000,False,4,False,"–†—è–¥–æ–º –Ω–∞—Ö–æ–¥—è—Ç—Å—è –≤—Å–µ –Ω–µ–æ–±—Ö–æ–¥–∏–º—ã–µ –æ–±—ä–µ–∫—Ç—ã: —à–∫–æ–ª–∞, –¥–µ—Ç—Å–∫–∏–π —Å–∞–¥–∏–∫, —Ä–∞–π–æ–Ω–Ω—ã–π ""–ê—Ä–±–∞—Ç"", –¶–û–ù, –∞–∫–∏–º–∞—Ç, —Å—É–ø–µ—Ä–º–∞—Ä–∫–µ—Ç, –ø–∞—Ä–∫, —Ä—ã–Ω–æ–∫, –ø–∞—Ä–∫–∏–Ω–≥ –∏ —Ç.–¥. –ö–≤–∞—Ä—Ç–∏—Ä–∞ –æ—á–µ–Ω—å —Ç–µ–ø–ª–∞—è, —Ç–µ–ø–ª—ã–µ –ø–æ–ª—ã, –ª–µ—Ç–æ–º –ø—Ä–æ—Ö–ª–∞–¥–Ω–æ, –∫—Ä—É–≥–æ–º –¥–µ—Ä–µ–≤—å—è. –†–∞–π–æ–Ω —Å —Ä–∞–∑–≤–∏—Ç–æ–π –∏–Ω—Ñ—Ä–∞—Å—Ç—Ä—É–∫—Ç—É—Ä–æ–π, —Å–æ—Å–µ–¥–∏ –æ—á–µ–Ω—å —Ö–æ—Ä–æ—à–∏–µ –ª—é–¥–∏. –ö–≤–∞—Ä—Ç–∏—Ä–∞ —É—é—Ç–Ω–∞—è, –≤—Å–µ –≤ –ø–æ—Ä—è–¥–∫–µ. –¢–æ—Ä–≥ —É–º–µ—Å—Ç–µ–Ω"
https://krisha.kz//a/show/679451635,3,1,5,nan,nan,76.0,nan,–ñ—É–ª–¥—ã–∑-2 39,–ø–∞–Ω–µ–ª—å–Ω—ã–π,12.0,nan,nan,1993,nan,–ê–ª–º–∞—Ç—ã,–¢—É—Ä–∫—Å–∏–±—Å–∫–∏–π,nan,nan,nan,False,nan,nan,nan,nan,nan,False,nan,False,False,False,False,False,False,False,False,True,True,True,True,True,True,True,True,True,True,True,True,True,35000000,False,3,False,–°–≤–µ–∂—ã–π —Ä–µ–º–æ–Ω—Ç –∏–¥–µ–∞–ª—å–Ω–æ–µ –≤—Å–µ –Ω–æ–≤–æ–µ —Ç–µ–ø–ª—ã–π —É—é—Ç–Ω—ã–π –≥–ª–∞–≤–Ω–æ–µ –∫–∞—á–µ—Å—Ç–≤–µ–Ω–Ω–æ –º–æ–∂–Ω–æ –ø–æ–¥ –∏–ø–∞—Ç–µ–∫—É
https://krisha.kz//a/show/679451540,1,1,1,nan,nan,34.0,–ú–æ–º—ã—à—É–ª—ã –†—ã—Å–∫—É–ª–æ–≤–∞,–ê–∫–∫–µ–Ω—Ç,–∫–∏—Ä–ø–∏—á–Ω—ã–π,8.0,nan,—Ö–æ—Ä–æ—à–µ–µ,2010,nan,–ê–ª–º–∞—Ç—ã,–ê–ª–∞—Ç–∞—É—Å–∫–∏–π,nan,nan,nan,False,nan,—Å–æ–≤–º–µ—â–µ–Ω–Ω—ã–π,nan,nan,nan,False,2.8,False,False,False,False,False,False,False,False,False,True,True,True,True,True,True,True,True,True,True,True,True,16500000,True,3,False,1 –∫–æ–º –∫–≤ –Ω–∞ –†–∞–π—ã–º–±–µ–∫ –ú–æ–º—ã—à—É–ª—ã –≤ —á–∞—Å—Ç–Ω–æ–º —Å–µ–∫—Ç–æ—Ä–µ. –ø–∞—Ä–∫–æ–≤–∫–∞ –¥–≤–æ—Ä
https://krisha.kz//a/show/679451540,1,1,1,nan,nan,34.0,–ú–æ–º—ã—à—É–ª—ã –†—ã—Å–∫—É–ª–æ–≤–∞,–ê–∫–∫–µ–Ω—Ç,–∫–∏—Ä–ø–∏—á–Ω—ã–π,8.0,nan,—Ö–æ—Ä–æ—à–µ–µ,2010,nan,–ê–ª–º–∞—Ç—ã,–ê–ª–∞—Ç–∞—É—Å–∫–∏–π,nan,nan,nan,False,nan,—Å–æ–≤–º–µ—â–µ–Ω–Ω—ã–π,nan,nan,nan,False,2.8,False,False,False,False,False,False,False,False,False,True,True,True,True,True,True,True,True,True,True,True,True,16500000,True,3,False,1 –∫–æ–º –∫–≤ –Ω–∞ –†–∞–π—ã–º–±–µ–∫ –ú–æ–º—ã—à—É–ª—ã –≤ —á–∞—Å—Ç–Ω–æ–º —Å–µ–∫—Ç–æ—Ä–µ. –ø–∞—Ä–∫–æ–≤–∫–∞ –¥–≤–æ—Ä
https://krisha.kz//a/show/679451557,3,7,13,–ú–∞–∫–∞—Ç–∞–µ–≤–∞,131,87.0,–ú—É—Ä–∞—Ç–±–∞–µ–≤–∞,nan,–º–æ–Ω–æ–ª–∏—Ç–Ω—ã–π,12.0,nan,—Ö–æ—Ä–æ—à–µ–µ,2019,Atlant,–ê–ª–º–∞—Ç—ã,–ê–ª–º–∞–ª–∏–Ω—Å–∫–∏–π,nan,nan,–Ω–µ—Å–∫–æ–ª—å–∫–æ –±–∞–ª–∫–æ–Ω–æ–≤ –∏–ª–∏ –ª–æ–¥–∂–∏–π,False,nan,2 —Å/—É –∏ –±–æ–ª–µ–µ,nan,–ø–æ–ª–Ω–æ—Å—Ç—å—é,–ª–∞–º–∏–Ω–∞—Ç,False,nan,False,False,False,False,False,False,False,False,False,True,True,True,True,True,True,True,True,True,True,True,True,78000000,False,7,False,None
https://krisha.kz//a/show/675622396,3,2,3,nan,nan,112.0,–£–ª—É–≥–±–µ–∫–∞,–ñ–µ—Ç—ã—Å—É-2 2–∞,nan,15.0,nan,—Ö–æ—Ä–æ—à–µ–µ,2005,nan,–ê–ª–º–∞—Ç—ã,–ê—É—ç–∑–æ–≤—Å–∫–∏–π,–æ—Ç–¥–µ–ª—å–Ω—ã–π,ADSL,nan,False,nan,—Å–æ–≤–º–µ—â–µ–Ω–Ω—ã–π,–ø–∞—Ä–∫–∏–Ω–≥,nan,–ª–∞–º–∏–Ω–∞—Ç,False,nan,False,True,True,False,False,True,False,False,False,True,True,True,True,True,True,True,True,True,True,True,False,77000000,False,41,False,"–ö–æ–Ω–¥–∏—Ü–∏–æ–Ω–µ—Ä, –ø–ª–∞—Å—Ç–∏–∫–æ–≤—ã–µ –æ–∫–Ω–∞, –Ω–µ—É–≥–ª–æ–≤–∞—è, —É–ª—É—á—à–µ–Ω–Ω–∞—è, –∫–æ–º–Ω–∞—Ç—ã –∏–∑–æ–ª–∏—Ä–æ–≤–∞–Ω—ã, –∫—É—Ö–Ω—è-—Å—Ç—É–¥–∏—è, –≤—Å—Ç—Ä–æ–µ–Ω–Ω–∞—è –∫—É—Ö–Ω—è, –Ω–æ–≤–∞—è —Å–∞–Ω—Ç–µ—Ö–Ω–∏–∫–∞, –∫–ª–∞–¥–æ–≤–∫–∞, —Å—á—ë—Ç—á–∏–∫–∏, —Ç–∏—Ö–∏–π –¥–≤–æ—Ä.
–ö–≤–∞—Ä—Ç–∏—Ä–∞ –≤ –æ—Ç–ª–∏—á–Ω–æ–º —Å–æ—Å—Ç–æ—è–Ω–∏–∏, –ø–æ–ª–Ω–æ—Å—Ç—å—é –º–µ–±–µ–ª–∏—Ä–æ–≤–æ–Ω–∞, —Ç–µ—Ä–∏—Ç–æ—Ä–∏—è –æ–≥–æ—Ä–æ–∂–µ–Ω–∞, –Ω–∞ —Ç–µ—Ä—Ä–∏—Ç–æ—Ä–∏–∏ –∫–æ–º–ø–ª–µ–∫—Å–∞ –Ω–∞—Ö–æ–¥–∏—Ç—Å—è –°–ø–æ—Ä—Ç –∑–∞–ª, —Ñ–∏—Ç–Ω–µ—Å, –±–∞—Å—Å–µ–π–Ω, —Å–∞–¥–∏–∫. –ö—Ä—É–≥–ª–æ—Å—É—Ç–æ—á–Ω–∞—è –æ—Ö—Ä–∞–Ω–∞, –†—è–¥–æ–º –¥–≤–µ —à–∫–æ–ª—ã, 2 –ú–∞–≥–Ω—É–º–∞, –∫–≤–∞—Ä—Ç–∏—Ä–∞ –ø–æ—Å–ª–µ —Ä–µ–º–æ–Ω—Ç–∞, –Ω–µ–¥–∞–≤–Ω–æ –∑–∞–∫–æ–Ω—á–∏–ª–∏, –º–µ–±–µ–ª—å, –±—ã—Ç–æ–≤–∞—è —Ç–µ—Ö–Ω–∏–∫–∞, –≤—Å–µ –Ω–æ–≤–æ–µ, 2 –∫–æ–Ω–¥–∏—Ü–∏–æ–Ω–µ—Ä–∞. –ú–µ—Ç—Ä–æ –†—è–¥–æ–º."
https://krisha.kz//a/show/679274679,2,7,9,nan,nan,65.0,nan,–ê–∫–∫–µ–Ω—Ç,–º–æ–Ω–æ–ª–∏—Ç–Ω—ã–π,nan,nan,—Ö–æ—Ä–æ—à–µ–µ,2012,nan,–ê–ª–º–∞—Ç—ã,–ê–ª–∞—Ç–∞—É—Å–∫–∏–π,nan,nan,nan,True,–º–µ—Ç–∞–ª–ª–∏—á–µ—Å–∫–∞—è,nan,–ø–∞—Ä–∫–∏–Ω–≥,nan,–ª–∞–º–∏–Ω–∞—Ç,False,2.7,False,False,False,False,False,False,False,False,True,True,True,True,True,True,True,True,True,True,True,True,True,35000000,False,18,False,None
https://krisha.kz//a/show/678075361,1,6,12,1,nan,37.0,nan,–ê–∫–±—É–ª–∞–∫,–º–æ–Ω–æ–ª–∏—Ç–Ω—ã–π,9.0,37.0,—Ö–æ—Ä–æ—à–µ–µ,2019,–ê–ª–º–∞–ª—ã,–ê–ª–º–∞—Ç—ã,–ê–ª–∞—Ç–∞—É—Å–∫–∏–π,nan,—á–µ—Ä–µ–∑ TV –∫–∞–±–µ–ª—å,–±–∞–ª–∫–æ–Ω,True,–º–µ—Ç–∞–ª–ª–∏—á–µ—Å–∫–∞—è,—Å–æ–≤–º–µ—â–µ–Ω–Ω—ã–π,nan,–ø–æ–ª–Ω–æ—Å—Ç—å—é,–ª–∞–º–∏–Ω–∞—Ç,False,2.7,False,False,True,False,False,True,False,False,False,True,True,False,False,False,False,False,False,False,True,True,False,23000000,False,9,False,"–ö–æ–Ω–¥–∏—Ü–∏–æ–Ω–µ—Ä, –ø–ª–∞—Å—Ç–∏–∫–æ–≤—ã–µ –æ–∫–Ω–∞, –Ω–µ—É–≥–ª–æ–≤–∞—è, —Ç–∏—Ö–∏–π –¥–≤–æ—Ä."
https://krisha.kz//a/show/678418066,2,10,12,nan,nan,70.0,nan,–ù—É—Ä–∫–µ–Ω—Ç,–º–æ–Ω–æ–ª–∏—Ç–Ω—ã–π,nan,nan,—Ö–æ—Ä–æ—à–µ–µ,2015,nan,–ê–ª–º–∞—Ç—ã,–ê–ª–∞—Ç–∞—É—Å–∫–∏–π,nan,–ø—Ä–æ–≤–æ–¥–Ω–æ–π,–±–∞–ª–∫–æ–Ω –∏ –ª–æ–¥–∂–∏—è,True,–º–µ—Ç–∞–ª–ª–∏—á–µ—Å–∫–∞—è,—Å–æ–≤–º–µ—â–µ–Ω–Ω—ã–π,—Ä—è–¥–æ–º –æ—Ö—Ä–∞–Ω—è–µ–º–∞—è —Å—Ç–æ—è–Ω–∫–∞,nan,–ª–∞–º–∏–Ω–∞—Ç,False,2.8,True,False,True,False,False,True,False,False,True,True,True,True,True,False,False,False,False,True,True,False,False,32000000,True,8,False,"–ü–ª–∞—Å—Ç–∏–∫–æ–≤—ã–µ –æ–∫–Ω–∞, –Ω–µ—É–≥–ª–æ–≤–∞—è, —É–ª—É—á—à–µ–Ω–Ω–∞—è, –∫–æ–º–Ω–∞—Ç—ã –∏–∑–æ–ª–∏—Ä–æ–≤–∞–Ω—ã, —Å—á—ë—Ç—á–∏–∫–∏, —Ç–∏—Ö–∏–π –¥–≤–æ—Ä."
https://krisha.kz//a/show/675534831,3,6,6,nan,nan,80.0,nan,–ö–æ–∫–∂–∏–µ–∫,nan,15.0,nan,—Ö–æ—Ä–æ—à–µ–µ,2009,nan,–ê–ª–º–∞—Ç—ã,–ñ–µ—Ç—ã—Å—É—Å–∫–∏–π,–µ—Å—Ç—å –≤–æ–∑–º–æ–∂–Ω–æ—Å—Ç—å –ø–æ–¥–∫–ª—é—á–µ–Ω–∏—è,ADSL,nan,True,–±—Ä–æ–Ω–∏—Ä–æ–≤–∞–Ω–Ω–∞—è,—Ä–∞–∑–¥–µ–ª—å–Ω—ã–π,—Ä—è–¥–æ–º –æ—Ö—Ä–∞–Ω—è–µ–º–∞—è —Å—Ç–æ—è–Ω–∫–∞,nan,–ª–∞–º–∏–Ω–∞—Ç,False,2.8,False,False,True,False,False,True,False,False,False,True,True,True,True,False,False,True,False,True,True,True,False,60000000,False,18,False,"–°—á—ë—Ç—á–∏–∫–∏, –Ω–æ–≤–∞—è —Å–∞–Ω—Ç–µ—Ö–Ω–∏–∫–∞, —Ç–∏—Ö–∏–π –¥–≤–æ—Ä, –∫–æ–Ω–¥–∏—Ü–∏–æ–Ω–µ—Ä, —É–ª—É—á—à–µ–Ω–Ω–∞—è, –Ω–µ—É–≥–ª–æ–≤–∞—è, –∫–æ–º–Ω–∞—Ç—ã –∏–∑–æ–ª–∏—Ä–æ–≤–∞–Ω—ã, –ø–ª–∞—Å—Ç–∏–∫–æ–≤—ã–µ –æ–∫–Ω–∞.
! –¢–æ—Ä–≥! –ü—Ä–æ–¥–∞—ë—Ç—Å—è –ø–æ–ª–Ω–æ—Å—Ç—å—é —Å –º–µ–±–µ–ª—å—é!"
https://krisha.kz//a/show/678901436,1,3,5,nan,nan,31.3,–õ–µ–≤–∏—Ç–∞–Ω–∞,–ê–ª–º–∞–≥—É–ª—å,–ø–∞–Ω–µ–ª—å–Ω—ã–π,5.9,17.4,—Å—Ä–µ–¥–Ω–µ–µ,1975,nan,–ê–ª–º–∞—Ç—ã,–ë–æ—Å—Ç–∞–Ω–¥—ã–∫—Å–∫–∏–π,–µ—Å—Ç—å –≤–æ–∑–º–æ–∂–Ω–æ—Å—Ç—å –ø–æ–¥–∫–ª—é—á–µ–Ω–∏—è,nan,–±–∞–ª–∫–æ–Ω,True,nan,—Å–æ–≤–º–µ—â–µ–Ω–Ω—ã–π,nan,nan,nan,False,nan,False,False,False,False,False,False,False,False,False,True,True,True,True,True,True,True,True,True,True,True,True,26000000,False,6,False,"–ö–≤–∞—Ä—Ç–∏—Ä–∞ –Ω–∞—Ö–æ–¥–∏—Ç—Å—è –≤ —Ö–æ—Ä–æ—à–µ–º, —Å–ø–æ–∫–æ–π–Ω–æ–º —Ä–∞–π–æ–Ω–µ, –¥–æ –ú–µ–≥–∏ –ø–µ—à–∫–æ–º 10 –º–∏–Ω—É—Ç, —Ä—è–¥–æ–º –Ω–∞—Ö–æ–¥—è—Ç—Å—è —à–∫–æ–ª—ã, –¥–µ—Ç. —Å–∞–¥. –ö–≤–∞—Ä—Ç–∏—Ä–∞ –Ω–µ —É–≥–ª–æ–≤–∞—è."
https://krisha.kz//a/show/679270219,1,3,5,nan,nan,32.5,nan,–û–∂–µ—Ç 7,–º–æ–Ω–æ–ª–∏—Ç–Ω—ã–π,6.2,18.5,—á–µ—Ä–Ω–æ–≤–∞—è –æ—Ç–¥–µ–ª–∫–∞,2022,nan,–ê–ª–º–∞—Ç—ã,–ê–ª–∞—Ç–∞—É—Å–∫–∏–π,nan,nan,nan,False,–º–µ—Ç–∞–ª–ª–∏—á–µ—Å–∫–∞—è,nan,—Ä—è–¥–æ–º –æ—Ö—Ä–∞–Ω—è–µ–º–∞—è —Å—Ç–æ—è–Ω–∫–∞,nan,nan,False,2.8,False,False,False,False,False,False,False,False,True,True,True,False,False,False,False,False,False,False,False,False,False,18000000,False,0,False,"–ü–ª–∞—Å—Ç–∏–∫–æ–≤—ã–µ –æ–∫–Ω–∞, –Ω–µ—É–≥–ª–æ–≤–∞—è.
–û–¥–Ω–æ–∫–æ–º–Ω–∞—Ç–Ω–∞—è –∫–≤–∞—Ä—Ç–∏—Ä–∞, —á–µ—Ä–Ω–æ–≤–∞—è –æ—Ç–¥–µ–ª–∫–∞, —Å–≤–æ–±–æ–¥–Ω–∞—è –ø–ª–∞–Ω–∏—Ä–æ–≤–∫–∞, –±–∞–ª–∫–æ–Ω –∑–∞—Å—Ç–µ–∫–ª—ë–Ω–Ω—ã–π, –≤—Å–µ –∫–æ–º–º—É–Ω–∏–∫–∞—Ü–∏–∏ –ø—Ä–æ–≤–µ–¥–µ–Ω—ã, –≤–æ–∑–º–æ–∂–µ–Ω –æ–±–º–µ–Ω –Ω–∞ –í–æ–ª—å–≤–æ –ø–æ–ª—É—Ç—è–≥ —Å –ø—Ä–∏—Ü–µ–ø–æ–º, –≤–æ–∑–º–æ–∂–Ω–æ –¥—Ä—É–≥–∏–µ –≤–∞—Ä–∏–∞–Ω—Ç—ã"
https://krisha.kz//a/show/678345984,2,6,9,nan,nan,57.0,nan,–ú–∞–º—ã—Ä-4 296,–º–æ–Ω–æ–ª–∏—Ç–Ω—ã–π,nan,nan,nan,2006,nan,–ê–ª–º–∞—Ç—ã,–ê—É—ç–∑–æ–≤—Å–∫–∏–π,nan,—á–µ—Ä–µ–∑ TV –∫–∞–±–µ–ª—å,nan,True,nan,—Ä–∞–∑–¥–µ–ª—å–Ω—ã–π,—Ä—è–¥–æ–º –æ—Ö—Ä–∞–Ω—è–µ–º–∞—è —Å—Ç–æ—è–Ω–∫–∞,nan,–ª–∞–º–∏–Ω–∞—Ç,False,2.8,False,False,False,False,False,False,False,False,False,True,True,True,True,True,True,True,True,True,True,True,True,38000000,False,6,False,"–¢–µ–ø–ª–∞—è –∫–≤–∞—Ä—Ç–∏—Ä–∞ –¥–ª—è –ø—Ä–æ–∂–∏–≤–∞–Ω–∏—è, —Å–æ–ª–Ω–µ—á–Ω–∞—è —Å—Ç–æ—Ä–æ–Ω–∞. –¢–∏—Ö–∏–π, —É—Ö–æ–∂–µ–Ω–Ω—ã–π –¥–≤–æ—Ä. –†—è–¥–æ–º 2 —à–∫–æ–ª—ã, –¥–µ—Ç—Å–∞–¥—ã, –≤–±–ª–∏–∑–∏ –∞–≤—Ç–æ–±—É—Å–Ω—ã–µ –æ—Å—Ç–∞–Ω–æ–≤–∫–∏."
https://krisha.kz//a/show/679451435,3,7,12,–î–∞—Ä–∞–±–æ–∑,nan,70.8,nan,–ê–∫–±—É–ª–∞–∫,–º–æ–Ω–æ–ª–∏—Ç–Ω—ã–π,10.0,nan,—Ö–æ—Ä–æ—à–µ–µ,2018,Alatau City 2.0,–ê–ª–º–∞—Ç—ã,–ê–ª–∞—Ç–∞—É—Å–∫–∏–π,–Ω–µ—Ç,ADSL,–±–∞–ª–∫–æ–Ω –∏ –ª–æ–¥–∂–∏—è,False,–¥–µ—Ä–µ–≤—è–Ω–Ω–∞—è,—Ä–∞–∑–¥–µ–ª—å–Ω—ã–π,nan,–ø–æ–ª–Ω–æ—Å—Ç—å—é,–ª–∞–º–∏–Ω–∞—Ç,False,2.8,False,False,False,False,False,False,False,False,False,True,True,True,True,True,True,True,True,True,True,True,True,38000000,False,8,False,"–ï—Å—Ç—å —Ç–æ—Ä–≥. –ö–≤–∞—Ä—Ç–∏—Ä–∞ –≤ —Ö–æ—Ä–æ—à–µ–º —Å–æ—Å—Ç–æ—è–Ω–∏–∏. –ü–æ—á—Ç–∏ –≤—Å—è –º–µ–±–µ–ª—å –æ—Å—Ç–∞—ë—Ç—Å—è –Ω–æ–≤—ã–º —Ö–æ–∑—è–µ–≤–∞–º. 
—Ä–∞—Å–ø–æ–ª–æ–∂–µ–Ω–∏–µ. –†—è–¥–æ–º —Å–∞–¥–∏–∫, —à–∫–æ–ª–∞, –º–∞–≥–∞–∑–∏–Ω—ã, –∞–ø—Ç–µ–∫–∞, —Å–∞–ª–æ–Ω—ã –∫—Ä–∞—Å–æ—Ç—ã. 
–£–¥–æ–±–Ω—ã–π –∑–∞–µ–∑–¥ —Å–æ —Å—Ç–æ—Ä–æ–Ω—ã —É–ª. –®–∞—Ä–∏–ø–æ–≤–∞ –∏ —Å–æ —Å—Ç–æ—Ä–æ–Ω—ã —É–ª. –ú–æ–º—ã—à—É–ª—ã."
https://krisha.kz//a/show/678736972,1,3,6,–°–µ–≤–µ—Ä–Ω–æ–µ –∫–æ–ª—å—Ü–æ,86/3,32.0,–û–∂–µ—Ç,nan,–º–æ–Ω–æ–ª–∏—Ç–Ω—ã–π,12.0,nan,—Ö–æ—Ä–æ—à–µ–µ,2014,–°–µ–≤–µ—Ä–Ω–æ–µ –∫–æ–ª—å—Ü–æ,–ê–ª–º–∞—Ç—ã,–ê–ª–∞—Ç–∞—É—Å–∫–∏–π,nan,nan,–ª–æ–¥–∂–∏—è,True,–º–µ—Ç–∞–ª–ª–∏—á–µ—Å–∫–∞—è,—Å–æ–≤–º–µ—â–µ–Ω–Ω—ã–π,–ø–∞—Ä–∫–∏–Ω–≥,nan,–ø–∞—Ä–∫–µ—Ç,False,2.8,False,False,False,False,False,False,False,False,False,True,True,True,True,True,True,True,True,True,True,True,True,21000000,True,10,False,"–®–∫–∞—Ñ, —Å—Ç–∏—Ä–∞–ª–∫–∞, –≥–∞–∑ –ø–ª–∏—Ç–∞, —Ö–æ–ª–æ–¥–∏–ª—å–Ω–∏–∫, –º–µ–±–µ–ª—å."
https://krisha.kz//a/show/673699548,2,1,4,–ò–ª—Ç–∏–ø–∞—Ç,59–ì,43.3,nan,nan,–∫–∏—Ä–ø–∏—á–Ω—ã–π,20.0,nan,—Ö–æ—Ä–æ—à–µ–µ,2019,nan,–ê–ª–º–∞—Ç—ã,–ù–∞—É—Ä—ã–∑–±–∞–π—Å–∫–∏–π,nan,–ø—Ä–æ–≤–æ–¥–Ω–æ–π,nan,False,nan,—Å–æ–≤–º–µ—â–µ–Ω–Ω—ã–π,nan,nan,–ª–∞–º–∏–Ω–∞—Ç,False,3.0,False,False,False,False,False,False,False,False,False,True,True,False,False,False,True,True,False,True,True,False,False,21000000,False,10,False,"–¢–∏—Ö–∏–π –¥–≤–æ—Ä, –ø–ª–∞—Å—Ç–∏–∫–æ–≤—ã–µ –æ–∫–Ω–∞, –≤—Å—Ç—Ä–æ–µ–Ω–Ω–∞—è –∫—É—Ö–Ω—è, –Ω–µ—É–≥–ª–æ–≤–∞—è, –Ω–æ–≤–∞—è —Å–∞–Ω—Ç–µ—Ö–Ω–∏–∫–∞, —Å—á—ë—Ç—á–∏–∫–∏.
–ü–ª–∞—Å—Ç–∏–∫–æ–≤—ã–µ –æ–∫–Ω–∞, –Ω–µ—É–≥–ª–æ–≤–∞—è, –Ω–æ–≤–∞—è —Å–∞–Ω—Ç–µ—Ö–Ω–∏–∫–∞ –∏ –º–µ–±–µ–ª—å. –£—é—Ç–Ω–∞—è, —Å–≤–µ—Ç–ª–∞—è, —Ç—ë–ø–ª–∞—è –∫–≤–∞—Ä—Ç–∏—Ä–∞ —Å —Ä–µ–º–æ–Ω—Ç–æ–º. –ù–∞—Ö–æ–¥–∏—Ç—Å—è –≤ —Ç–∏—Ö–æ–º –∏ —Ö–æ—Ä–æ—à–µ–º —Ä–∞–π–æ–Ω–µ, —Ä—è–¥–æ–º —à–∫–æ–ª—ã, —Å–∞–¥–∏–∫–∏, –º–∞–≥–∞–∑–∏–Ω—ã. –†–∞—Å—á—ë—Ç –∑–∞ –Ω–∞–ª–∏—á–Ω—ã–µ. –¶–æ–∫–æ–ª—å–Ω—ã–π —ç—Ç–∞–∂, –ø–æ–¥—ä–µ–∑–¥ –∫–æ—Ä–∏–¥–æ—Ä–Ω–æ–≥–æ —Ç–∏–ø–∞."
https://krisha.kz//a/show/679451377,3,8,9,nan,nan,75.0,–ù–∞–≤–æ–∏ –¢–æ–∫—Ç–∞–±–∞–µ–≤–∞,–¢–∞—É–≥—É–ª—å-1 49,–ø–∞–Ω–µ–ª—å–Ω—ã–π,11.3,nan,—Ö–æ—Ä–æ—à–µ–µ,1991,nan,–ê–ª–º–∞—Ç—ã,–ê—É—ç–∑–æ–≤—Å–∫–∏–π,–æ—Ç–¥–µ–ª—å–Ω—ã–π,ADSL,–±–∞–ª–∫–æ–Ω –∏ –ª–æ–¥–∂–∏—è,True,–º–µ—Ç–∞–ª–ª–∏—á–µ—Å–∫–∞—è,—Ä–∞–∑–¥–µ–ª—å–Ω—ã–π,—Ä—è–¥–æ–º –æ—Ö—Ä–∞–Ω—è–µ–º–∞—è —Å—Ç–æ—è–Ω–∫–∞,nan,–ª–∏–Ω–æ–ª–µ—É–º,False,2.85,False,False,True,False,False,True,False,False,True,True,True,True,True,False,True,False,False,True,True,True,False,55000000,False,15,False,"–ö–æ–Ω–¥–∏—Ü–∏–æ–Ω–µ—Ä, –ø–ª–∞—Å—Ç–∏–∫–æ–≤—ã–µ –æ–∫–Ω–∞, –Ω–µ—É–≥–ª–æ–≤–∞—è, —É–ª—É—á—à–µ–Ω–Ω–∞—è, –∫–æ–º–Ω–∞—Ç—ã –∏–∑–æ–ª–∏—Ä–æ–≤–∞–Ω—ã, –≤—Å—Ç—Ä–æ–µ–Ω–Ω–∞—è –∫—É—Ö–Ω—è, —Å—á—ë—Ç—á–∏–∫–∏, —Ç–∏—Ö–∏–π –¥–≤–æ—Ä.
3-—Ö –∫–æ–º–Ω–∞—Ç–Ω–∞—è –∫–≤–∞—Ä—Ç–∏—Ä–∞, —É–ª—É—á—à–µ–Ω–Ω–æ–π –ø–ª–∞–Ω–∏—Ä–æ–≤–∫–∏. –û—Ç–ª–∏—á–Ω–∞—è –±–æ–ª—å—à–∞—è –∫—É—Ö–Ω—è 12 –º2 —Å –æ—Ç–¥–µ–ª—å–Ω—ã–º –≤—ã—Ö–æ–¥–æ–º –Ω–∞ –±–∞–ª–∫–æ–Ω. –í—Å–µ –æ–∫–Ω–∞ —Ä–∞—Å–ø–ª–æ–∂–µ–Ω—ã –≤–æ –¥–≤–æ—Ä—ã (–Ω–µ—Ç —à—É–º–∞ –æ—Ç –¥–æ—Ä–æ–≥–∏). –ö–≤–∞—Ä—Ç–∏—Ä–∞ –ø—Ä–æ–≤–µ—Ç—Ä–∏–≤–∞–µ–º–∞—è, —Ç. –∫. –æ–∫–Ω–∞ —Ä–∞—Å–ø–æ–ª–æ–∂–µ–Ω—ã –ø—Ä–æ—Ç–∏–≤–æ–ø–æ–ª–æ–∂–Ω–æ. –ö–≤–∞—Ä—Ç–∏—Ä–∞ –Ω–µ —É–≥–ª–æ–≤–∞—è (–∑–∏–º–æ–π –æ—á–µ–Ω—å —Ç–µ–ø–ª–æ), –ª–µ—Ç–æ–º —Å—Ç–µ–Ω—ã –Ω–µ –Ω–∞–≥—Ä–µ–≤–∞—é—Ç—Å—è. –°–∞–Ω—É–∑–µ–ª —Ä–∞–∑–¥–µ–ª—å–Ω—ã–π. –õ–æ–¥–∂–∏—è —Å–æ —Å—Ç–æ—Ä–æ–Ω—ã —Å–ø–∞–ª—å–Ω–∏ –æ–±–æ—Ä—É–¥–æ–≤–∞–Ω–∞ –ø–æ–¥ –∫–∞–±–∏–Ω–µ—Ç. –í—Å—è –≤—Å—Ç—Ä–∞–∏–≤–∞–µ–º–∞—è –º–µ–±–µ–ª—å –æ—Å—Ç–∞–µ—Ç—Å—è, –∞ —Ç–∞–∫–∂–µ —Ç–µ—Ö–Ω–∏–∫–∞: –ø–æ—Å—É–¥–æ–º–æ–π–∫–∞, –≤–∞—Ä–æ—á–Ω–∞—è –ø–æ–≤–µ—Ä—Ö–Ω–æ—Å—Ç—å, –¥—É—Ö–æ–≤–∫–∞, –∫–æ–Ω–¥–∏—Ü–∏–æ–Ω–µ—Ä. –ù–æ–≤—ã–π –ª–∏—Ñ—Ç. –•–æ—Ä–æ—à–∏–µ —Å–æ—Å–µ–¥–∏. –û—á–µ–Ω—å —Ö–æ—Ä–æ—à–æ —Ä–∞–∑–≤–∏—Ç–∞—è –∏–Ω—Ñ—Ä–∞—Å—Ç—Ä—É–∫—Ç—É—Ä–∞. –†—è–¥–æ–º –ú–∞–≥–Ω—É–º, –ú–µ–≥–∞. –®–∏–∫–∞—Ä–Ω—ã–π –≤–∏–¥ –∏–∑ –æ–∫–Ω–∞. –ü–æ—Å—Ç–æ—è–Ω–Ω–æ–µ –Ω–∞–ª–∏—á–∏–µ –ø–∞—Ä–∫–æ–≤–æ—á–Ω—ã—Ö –º–µ—Å—Ç. –í—Å–µ –¥–æ–∫—É–º–µ–Ω—Ç—ã –≤ –ø–æ—Ä—è–¥–∫–µ. –í–æ–∑–º–æ–∂–µ–Ω –æ–±–º–µ–Ω, –Ω–∞ –æ–¥–Ω–æ–∫–æ–º–Ω–∞—Ç–Ω—É—é –∫–≤–∞—Ä—Ç–∏—Ä—É –≤ –ø–∞–Ω–µ–ª—å–Ω–æ–π 9-—Ç–∏ —ç—Ç–∞–∂–∫–µ —Å –≤–∞—à–µ–π –¥–æ–ø–ª–∞—Ç–æ–π –≤ —ç—Ç–æ–º –∂–µ —Ä–∞–π–æ–Ω–µ. –†–∏—ç–ª—Ç–æ—Ä–æ–≤ –ø—Ä–æ—Å—å–±–∞ –Ω–µ –±–µ—Å–ø–æ–∫–æ–∏—Ç—å! –í—Å–µ –≤–æ–ø—Ä–æ—Å—ã –ø–æ —Ç–µ–ª–µ—Ñ–æ–Ω—É"
https://krisha.kz//a/show/664904712,1,1,5,–ê–¥–∏ –®–∞—Ä–∏–ø–æ–≤–∞,91,33.0,nan,nan,–ø–∞–Ω–µ–ª—å–Ω—ã–π,6.0,nan,nan,1981,nan,–ê–ª–º–∞—Ç—ã,–ê–ª–º–∞–ª–∏–Ω—Å–∫–∏–π,–æ—Ç–¥–µ–ª—å–Ω—ã–π,–æ–ø—Ç–∏–∫–∞,nan,False,nan,—Ä–∞–∑–¥–µ–ª—å–Ω—ã–π,—Ä—è–¥–æ–º –æ—Ö—Ä–∞–Ω—è–µ–º–∞—è —Å—Ç–æ—è–Ω–∫–∞,—á–∞—Å—Ç–∏—á–Ω–æ,–ª–∞–º–∏–Ω–∞—Ç,False,nan,True,True,True,False,True,False,False,False,False,True,True,False,False,False,True,True,False,True,True,False,True,28500000,False,14,False,"–ü–ª–∞—Å—Ç–∏–∫–æ–≤—ã–µ –æ–∫–Ω–∞, –Ω–µ—É–≥–ª–æ–≤–∞—è, –≤—Å—Ç—Ä–æ–µ–Ω–Ω–∞—è –∫—É—Ö–Ω—è, –Ω–æ–≤–∞—è —Å–∞–Ω—Ç–µ—Ö–Ω–∏–∫–∞, —Å—á—ë—Ç—á–∏–∫–∏, —Ç–∏—Ö–∏–π –¥–≤–æ—Ä, —É–¥–æ–±–Ω–æ –ø–æ–¥ –∫–æ–º–º–µ—Ä—Ü–∏—é.
–û—á–µ–Ω—å —É—é—Ç–Ω–∞—è –∏ —Å –æ—Ç–ª–∏—á–Ω—ã–º –¥–æ—Ä–æ–≥–∏–º —Ä–µ–º–æ–Ω—Ç–æ–º. –ú–µ—Å—Ç–æ—Ä–∞—Å–ø–æ–ª–æ–∂–µ–Ω–∏–µ –ø—Ä–µ–∫—Ä–∞—Å–Ω–æ–µ. –£–¥–æ–±–Ω–æ –∏ –ø–æ–¥ –æ—Ñ–∏—Å –∏ –ø–æ–¥ –±–∏–∑–Ω–µ—Å, –Ω–æ –ª—É—á—à–µ –≤—Å–µ–≥–æ –¥–ª—è –∫–æ–º—Ñ–æ—Ä—Ç–∞–±–µ–ª—å–Ω–æ–≥–æ –ø—Ä–æ–∂–∏–≤–∞–Ω–∏—è! –û—á–µ–Ω—å —Ç–∏—Ö–∏–π —É —É—é—Ç–Ω—ã–π —Ä–∞–π–æ–Ω: —Ä—è–¥–æ–º —à–∫–æ–ª–∞, –¥–µ—Ç—Å–∫–∏–π —Å–∞–¥, —Å—É–ø–µ—Ä–º–∞—Ä–∫–µ—Ç—ã –∏ –≥–æ—Å—É–¥–∞—Ä—Å—Ç–≤–µ–Ω–Ω—ã–µ –æ—Ä–≥–∞–Ω—ã. –†–∞—Å—Å–º–∞—Ç—Ä–∏–≤–∞–µ–º –æ–±–º–µ–Ω –Ω–∞ 3-4–∫–æ–º–Ω–∞—Ç–Ω—É—é —Å –¥–æ–ø–ª–∞—Ç–æ–π."
https://krisha.kz//a/show/678110161,1,12,13,–ï—Å–µ–Ω–æ–≤–∞,160/3,38.2,nan,nan,–º–æ–Ω–æ–ª–∏—Ç–Ω—ã–π,nan,nan,nan,2022,Jetisu Park,nan,nan,nan,nan,nan,False,nan,nan,–ø–∞—Ä–∫–∏–Ω–≥,nan,nan,False,2.7,False,False,False,False,False,False,False,False,False,True,True,True,True,True,True,True,True,True,True,True,True,22000000,False,5,False,"–°–¥–∞—á–∞ –≤ –¥–µ–∫–∞–±—Ä–µ 2022. –ü—Ä–µ–¥—á–∏—Å—Ç–æ–≤–∞—è –æ—Ç–¥–µ–ª–∫–∞. –í–∏–¥ –Ω–∞ –≥–æ—Ä—ã. –û–∫–Ω–∞ –≤—ã—Ö–æ–¥—è—Ç –Ω–∞ –≤–æ—Å—Ç–æ–∫, –Ω–∞ —É–ª–∏—Ü—É –ï—Å–µ–Ω–æ–≤–∞. 10 –º–∏–Ω—É—Ç –¥–æ —Ü–µ–Ω—Ç—Ä–∞."
https://krisha.kz//a/show/679274268,3,3,12,–ë–µ–≥–∞–ª–∏–Ω–∞,7,95.0,–¢–æ–ª–æ–±–∏ –í–æ—Å—Ç–æ—á–∫–∞,nan,–º–æ–Ω–æ–ª–∏—Ç–Ω—ã–π,nan,nan,—Ö–æ—Ä–æ—à–µ–µ,2020,Medeu Park,–ê–ª–º–∞—Ç—ã,–ú–µ–¥–µ—É—Å–∫–∏–π,nan,nan,nan,False,nan,nan,–ø–∞—Ä–∫–∏–Ω–≥,nan,–ª–∞–º–∏–Ω–∞—Ç,False,3.0,False,False,False,False,False,False,False,False,False,True,True,True,True,True,True,True,True,True,True,True,True,87000000,False,13,False,None
https://krisha.kz//a/show/679079634,1,1,5,–°–∞—Ç–ø–∞–µ–≤–∞,76–∞,40.0,nan,nan,–ø–∞–Ω–µ–ª—å–Ω—ã–π,9.0,nan,—Å—Ä–µ–¥–Ω–µ–µ,1984,nan,–ê–ª–º–∞—Ç—ã,–ë–æ—Å—Ç–∞–Ω–¥—ã–∫—Å–∫–∏–π,nan,nan,nan,False,nan,nan,nan,nan,nan,False,2.8,False,False,False,False,False,False,False,False,True,True,True,True,True,True,True,True,True,True,True,True,True,30000000,False,4,False,"–ü—Ä–æ–¥–∞—ë—Ç—Å—è 1-—Ö –∫–æ–º–Ω–∞—Ç–Ω–∞—è —É–ª—É—á—à–µ–Ω–Ω–∞—è –∫–≤–∞—Ä—Ç–∏—Ä–∞ –≤ —Ä–∞–π–æ–Ω–µ –°–∞—Ç–ø–∞–µ–≤–∞ –ï–≥–∏–∑–±–∞–µ–≤–∞, —Å –æ—Ç–ª–∏—á–Ω–æ–π –∏–Ω—Ñ—Ä–∞—Å—Ç—Ä—É–∫—Ç—É—Ä–æ–π, –º–æ–∂–Ω–æ –ª–µ–≥–∫–æ –¥–æ–±–∏—Ä–∞—Ç—å—Å—è –¥–æ –ª—é–±–æ–π —á–∞—Å—Ç–∏ –≥–æ—Ä–æ–¥–∞. –í —à–∞–≥–æ–≤–æ–π –¥–æ—Å—Ç—É–ø–Ω–æ—Å—Ç–∏ –µ—Å—Ç—å –≤—Å–µ –Ω–µ–æ–±—Ö–æ–¥–∏–º—ã–µ —Å–æ—Ü–∏–∞–ª—å–Ω—ã–µ –∏ –±—ã—Ç–æ–≤—ã–µ –æ–±—ä–µ–∫—Ç—ã: –∞–ø—Ç–µ—á–∫–∏, –º–∞–≥–∞–∑–∏–Ω—ã, —Å—É–ø–µ—Ä–º–∞–†–ö–µ—Ç, –∫–∞—Ñ–µ, —Ä–µ—Å—Ç–æ—Ä–∞–Ω—ã, –º–µ—á–µ—Ç—å, —Å–∞–ª–æ–Ω—ã –∫—Ä–∞—Å–æ—Ç—ã, —Ä—ã–Ω–∫–∏, —à–∫–æ–ª–∞, —Å–∞–¥–∏–∫, –ø–æ–ª–∏–∫–ª–∏–Ω–∏–∫–∞."
https://krisha.kz//a/show/678736938,3,5,5,–†–æ–∑—ã–±–∞–∫–∏–µ–≤–∞,nan,65.0,–£—Ç–µ–ø–æ–≤–∞,nan,–∫–∏—Ä–ø–∏—á–Ω—ã–π,9.0,nan,—Ö–æ—Ä–æ—à–µ–µ,1988,nan,–ê–ª–º–∞—Ç—ã,–ë–æ—Å—Ç–∞–Ω–¥—ã–∫—Å–∫–∏–π,nan,nan,–ª–æ–¥–∂–∏—è,False,–º–µ—Ç–∞–ª–ª–∏—á–µ—Å–∫–∞—è,—Ä–∞–∑–¥–µ–ª—å–Ω—ã–π,—Ä—è–¥–æ–º –æ—Ö—Ä–∞–Ω—è–µ–º–∞—è —Å—Ç–æ—è–Ω–∫–∞,nan,–ª–∞–º–∏–Ω–∞—Ç,False,2.8,False,False,False,False,False,False,False,False,True,True,True,True,True,True,True,True,True,True,True,True,True,65000000,False,5,False,"–ö–≤–∞—Ä—Ç–∏—Ä–∞ –≤ –æ—Ç–ª–∏—á–Ω–æ–º —Å–æ—Å—Ç–æ—è–Ω–∏–∏, —Ä–µ–º–æ–Ω—Ç –Ω–µ —Ç—Ä–µ–±—É–µ—Ç—Å—è, —á–∞—Å—Ç–∏—á–Ω–æ –º–µ–±–ª–∏—Ä–æ–≤–∞–Ω–∞. –ù–æ–≤–∞—è –ø—Ä–∏—Ö–æ–∂–∞—è, –∫—É—Ö–æ–Ω–Ω—ã–π –≥–∞—Ä–Ω–∏—Ç—É—Ä, –≤ –¥–≤—É—Ö —Å–ø–∞–ª—å–Ω—è—Ö —à–∫–∞—Ñ—ã –¥–ª—è –æ–¥–µ–∂–¥—ã. –û—Ç–ª–∏—á–Ω–∞—è –∏–Ω—Ñ—Ä–∞—Å—Ç—Ä—É–∫—Ç—É—Ä–∞: –≤ —à–∞–≥–æ–≤–æ–π –¥–æ—Å—Ç—É–ø–Ω–æ—Å—Ç–∏ –Ω–∞—Ö–æ–¥—è—Ç—Å—è –ú–µ–≥–∞, –ú–∞–≥–Ω—É–º, –ø–∞—Ä–∫–∏, –ª–∏—Ü–µ–π, –∞–≤—Ç–æ–±—É—Å–Ω–æ–µ —Å–æ–æ–±—â–µ–Ω–∏–µ –≤ —Ä–∞–∑–Ω—ã–µ –∫–æ–Ω—Ü—ã –≥–æ—Ä–æ–¥–∞."
https://krisha.kz//a/show/679451218,2,2,6,nan,nan,62.0,nan,–ö–æ–∫–∂–∏–µ–∫,–º–æ–Ω–æ–ª–∏—Ç–Ω—ã–π,13.0,35.0,—Ö–æ—Ä–æ—à–µ–µ,2012,nan,–ê–ª–º–∞—Ç—ã,–ñ–µ—Ç—ã—Å—É—Å–∫–∏–π,–µ—Å—Ç—å –≤–æ–∑–º–æ–∂–Ω–æ—Å—Ç—å –ø–æ–¥–∫–ª—é—á–µ–Ω–∏—è,—á–µ—Ä–µ–∑ TV –∫–∞–±–µ–ª—å,–Ω–µ—Å–∫–æ–ª—å–∫–æ –±–∞–ª–∫–æ–Ω–æ–≤ –∏–ª–∏ –ª–æ–¥–∂–∏–π,False,–º–µ—Ç–∞–ª–ª–∏—á–µ—Å–∫–∞—è,—Ä–∞–∑–¥–µ–ª—å–Ω—ã–π,–ø–∞—Ä–∫–∏–Ω–≥,—á–∞—Å—Ç–∏—á–Ω–æ,–ª–∏–Ω–æ–ª–µ—É–º,False,2.8,False,False,False,True,False,True,False,False,False,True,True,True,True,True,True,True,True,True,True,True,True,27000000,False,8,False,None
